,WD11NM,WD11CD,gen_cat_African,gen_cat_American,gen_cat_British_Irish,gen_cat_Chinese,gen_cat_European_Other,gen_cat_French,gen_cat_Indian,gen_cat_Italian,gen_cat_Japanese,gen_cat_Korean,gen_cat_Latin_American,gen_cat_Mediterranean,gen_cat_Mexican_Caribbean,gen_cat_Middle_Eastern,gen_cat_Other,gen_cat_Pakistani,gen_cat_Southeast_Asian,total,div_score
0,Abbey,E05000026,0,0,1,1,1,0,2,0,0,0,0,1,0,0,0,2,0,8,5.333333333333333
1,Abbey,E05000455,0,0,0,3,0,0,0,2,2,0,0,1,0,3,0,0,3,14,5.444444444444445
2,Abbey Road,E05000630,1,0,1,2,0,1,0,2,0,0,0,1,0,1,0,1,1,11,8.066666666666666
3,Abingdon,E05000382,0,1,3,0,1,1,2,6,1,0,0,2,0,3,2,0,3,25,7.911392405063291
4,Acton Central,E05000170,0,0,0,1,0,0,4,1,2,0,0,0,0,1,0,0,0,9,3.5217391304347827
5,Addiscombe,E05000146,0,0,0,0,0,0,2,1,0,0,0,0,0,0,0,0,1,4,2.6666666666666665
6,Addison,E05000250,0,0,1,1,1,0,1,4,0,0,0,1,0,2,0,0,1,12,5.538461538461538
7,Aldborough,E05000495,0,1,0,0,0,0,0,0,0,0,0,0,0,0,0,1,0,2,2.0
8,Alexandra,E05000266,0,0,1,0,0,0,2,0,0,0,0,0,0,0,0,0,0,3,1.7999999999999998
9,Alperton,E05000085,0,0,0,2,0,0,1,0,0,0,0,0,0,0,0,0,0,3,1.7999999999999998
10,Ashburton,E05000147,0,0,0,0,0,0,0,0,0,0,0,0,0,0,0,1,0,1,1.0
11,Askew,E05000251,1,0,0,0,0,0,0,0,0,0,0,0,0,1,1,0,1,4,4.0
12,Avonmore and Brook Green,E05000252,0,0,2,1,1,0,3,2,1,0,1,2,0,4,0,1,3,21,8.647058823529413
13,Balham,E05000610,1,1,4,1,1,1,4,3,0,0,0,2,0,0,0,0,1,19,7.078431372549019
14,Barkingside,E05000496,0,0,0,2,0,0,0,0,0,0,0,0,0,0,0,1,0,3,1.7999999999999998
15,Barnehurst,E05000064,0,0,0,1,0,1,0,0,0,0,0,0,0,0,0,0,0,2,2.0
16,Barnes,E05000516,0,0,4,1,0,0,0,2,0,0,1,1,0,0,1,3,1,14,5.76470588235294
17,Barnhill,E05000086,0,0,0,0,0,0,2,0,0,0,0,0,0,1,0,0,0,3,1.7999999999999998
18,Barnhill,E05000324,0,0,0,1,0,0,2,0,0,0,0,0,0,0,0,0,0,3,1.7999999999999998
19,Barnsbury,E05000366,1,0,6,1,1,1,5,4,2,0,0,2,3,0,1,1,3,31,8.816513761467892
20,Bayswater,E05000631,1,1,5,1,3,3,2,6,1,0,0,3,1,2,1,0,1,31,9.330097087378638
21,Beckton,E05000475,0,1,0,0,1,0,0,2,0,0,0,0,0,0,0,0,0,4,2.6666666666666665
22,Becontree,E05000028,0,0,0,1,0,0,1,0,0,0,0,1,0,0,0,0,0,3,3.0
23,Beddington North,E05000555,0,0,1,1,0,0,1,0,1,0,0,0,0,0,0,0,0,4,4.0
24,Beddington South,E05000556,0,0,0,1,0,0,0,1,0,0,0,0,0,0,0,0,0,2,2.0
25,Bedfont,E05000346,0,0,0,0,1,0,1,0,0,0,0,0,0,0,0,0,0,2,2.0
26,Bedford,E05000611,0,2,0,0,1,0,2,4,1,0,0,0,0,0,1,1,1,13,5.82758620689655
27,Bellingham,E05000437,0,1,0,0,0,0,0,0,0,0,0,1,0,0,0,0,1,3,3.0
28,Belmont,E05000285,0,0,0,1,0,0,1,0,0,0,0,0,0,0,0,0,0,2,2.0
29,Belsize,E05000128,0,0,3,0,1,0,2,4,0,0,1,1,0,0,1,1,0,14,5.76470588235294
30,Belvedere,E05000065,0,0,1,0,0,0,0,0,0,0,0,0,0,0,0,1,0,2,2.0
31,Bensham Manor,E05000148,0,0,0,0,0,0,1,0,0,0,0,2,1,0,0,0,0,4,2.6666666666666665
32,Bethnal Green North,E05000573,0,0,5,1,0,2,1,2,2,1,2,5,0,0,0,1,0,22,6.914285714285715
33,Bethnal Green South,E05000574,0,0,3,1,1,0,0,2,1,1,0,2,0,0,0,1,2,14,7.538461538461538
34,Bishop's,E05000416,0,3,21,9,3,3,5,15,10,2,2,5,3,0,1,3,7,92,8.464
35,Blackfen and Lamorbey,E05000066,0,0,0,1,0,0,1,0,0,0,0,0,0,0,0,1,0,3,3.0
36,Blackheath,E05000438,0,0,1,0,0,2,5,1,0,0,1,2,0,0,1,2,1,16,6.095238095238095
37,Blackheath Westcombe,E05000215,0,0,0,1,0,0,0,1,0,0,0,0,0,0,1,1,0,4,4.0
38,Blackwall and Cubitt Town,E05000575,0,0,3,2,0,0,3,2,1,0,0,2,1,0,1,0,0,15,6.818181818181817
39,Blendon and Penhill,E05000067,0,0,0,1,1,0,2,0,0,0,0,0,0,0,0,1,0,5,3.571428571428571
40,Bloomsbury,E05000129,2,7,20,11,4,6,15,29,14,5,5,14,6,3,3,3,10,157,10.730953417501091
41,Boleyn,E05000476,0,0,0,0,0,0,0,0,0,0,0,0,0,0,1,0,0,1,1.0
42,Botwell,E05000325,0,0,1,2,0,0,0,0,0,0,0,0,0,0,0,1,0,4,2.6666666666666665
43,Bounds Green,E05000267,0,0,3,0,0,0,0,1,0,0,0,3,0,0,0,1,0,8,3.2
44,Bow East,E05000576,1,1,2,1,0,0,0,0,0,0,0,3,1,0,0,0,1,10,5.5555555555555545
45,Bow West,E05000577,1,0,2,2,0,0,3,1,0,0,0,2,0,0,0,1,1,13,6.759999999999998
46,Bowes,E05000193,0,0,0,1,0,0,1,1,0,0,0,2,0,0,0,0,0,5,3.571428571428571
47,Brampton,E05000068,0,0,0,0,0,0,1,0,0,0,0,0,0,0,0,1,0,2,2.0
48,Brentford,E05000347,0,0,0,1,0,0,0,0,0,0,0,0,0,0,0,0,0,1,1.0
49,Bridge,E05000497,0,0,0,0,1,0,0,0,0,0,0,0,0,0,0,0,0,1,1.0
50,Brixton Hill,E05000417,2,0,3,0,2,0,1,0,0,0,0,0,3,0,0,0,0,11,4.481481481481482
51,Broad Green,E05000149,0,0,0,0,1,1,2,3,1,0,0,1,3,0,1,1,0,14,6.999999999999999
52,Brockley,E05000439,1,1,4,2,1,0,4,2,0,0,0,2,0,0,0,1,3,21,7.736842105263159
53,Bromley Town,E05000109,0,0,0,0,2,1,0,0,2,0,0,0,0,0,0,0,1,6,3.5999999999999996
54,Brompton,E05000383,0,3,6,7,4,4,4,22,10,0,1,5,0,8,1,2,4,81,7.838709677419357
55,Brondesbury Park,E05000087,0,0,0,0,0,0,0,0,0,0,0,0,0,0,0,1,0,1,1.0
56,Brooklands,E05000306,0,0,0,0,0,0,1,0,0,0,0,0,0,0,0,0,0,1,1.0
57,Brownswood,E05000231,0,0,0,0,0,0,0,3,0,0,0,4,1,0,0,0,0,8,2.4615384615384617
58,Bruce Grove,E05000268,1,0,0,1,0,0,0,3,0,0,0,2,0,0,0,0,0,7,3.266666666666667
59,Brunel,E05000326,0,0,0,0,0,0,0,1,0,0,0,0,0,0,0,0,0,1,1.0
60,Brunswick Park,E05000043,0,1,1,0,0,0,2,0,0,0,0,1,0,0,0,1,0,6,4.5
61,Brunswick Park,E05000534,0,1,2,5,0,1,1,2,0,0,0,2,0,0,0,1,2,17,6.4222222222222225
62,Bryanston and Dorset Square,E05000632,0,0,13,2,4,1,4,7,5,0,0,1,0,12,0,7,4,60,7.346938775510203
63,Bunhill,E05000367,0,3,7,7,2,4,3,17,12,0,4,4,2,1,1,2,12,81,8.690066225165562
64,Burnt Oak,E05000044,0,0,0,1,0,0,0,0,0,0,0,0,0,0,0,0,0,1,1.0
65,Bush Hill Park,E05000194,0,0,0,0,0,0,0,3,0,0,0,0,0,0,0,1,0,4,1.6
66,Caledonian,E05000368,4,0,7,3,2,0,3,2,2,0,0,3,2,0,3,1,4,36,9.671641791044774
67,Camberwell Green,E05000535,2,0,1,1,0,0,1,1,1,0,0,3,0,0,0,1,1,12,7.199999999999999
68,Camden Town with Primrose Hill,E05000130,3,3,15,7,4,3,5,12,5,0,3,14,6,2,3,0,9,94,10.444444444444445
69,Campden,E05000384,0,4,11,3,0,1,1,5,2,1,0,4,1,4,0,1,3,41,7.606334841628959
70,Canbury,E05000403,0,1,0,0,0,0,2,0,0,0,0,0,0,0,0,0,0,3,1.7999999999999998
71,Cann Hall,E05000590,0,0,1,1,0,0,0,0,0,0,1,0,0,0,0,0,0,3,3.0
72,Canning Town North,E05000477,1,0,0,2,0,0,3,0,0,0,0,2,0,0,0,0,0,8,3.5555555555555554
73,Canning Town South,E05000478,0,0,1,3,1,0,3,3,1,0,0,0,0,1,0,0,2,15,6.428571428571427
74,Canonbury,E05000369,0,0,3,0,0,0,1,0,0,0,1,2,0,1,0,0,0,8,4.0
75,Canons,E05000286,0,0,0,0,0,0,2,0,0,0,0,1,0,0,0,1,0,4,2.6666666666666665
76,Cantelowes,E05000131,0,0,0,0,0,1,0,2,0,0,1,0,1,1,1,2,0,9,6.230769230769231
77,Carshalton Central,E05000558,0,0,0,0,0,0,2,1,1,0,0,0,0,0,0,0,4,8,2.909090909090909
78,Carshalton South and Clockhouse,E05000559,0,0,1,0,0,0,0,1,0,0,0,0,0,0,0,1,0,3,3.0
79,Catford South,E05000440,0,0,0,1,0,0,1,0,0,0,0,4,0,0,0,1,0,7,2.5789473684210527
80,Cathall,E05000591,0,0,0,0,0,0,0,1,0,0,0,1,0,0,0,0,1,3,3.0
81,Cathedrals,E05000536,1,5,26,2,12,3,6,20,11,0,3,11,3,2,1,3,5,114,8.153074027603518
82,Cavendish,E05000327,0,0,1,0,0,0,0,1,0,0,0,0,0,0,0,1,0,3,3.0
83,Cazenove,E05000232,0,0,0,0,0,0,1,0,0,0,0,0,1,0,0,0,1,3,3.0
84,Chadwell,E05000498,0,0,1,0,0,0,0,0,0,0,0,0,0,0,0,0,0,1,1.0
85,Chadwell Heath,E05000029,0,1,0,0,0,0,0,0,0,0,0,0,0,0,0,0,0,1,1.0
86,Chapel End,E05000592,0,0,0,1,0,0,0,0,0,0,0,0,0,0,0,0,1,2,2.0
87,Charville,E05000328,0,0,0,0,0,0,1,0,0,0,0,0,0,0,0,0,0,1,1.0
88,Chase,E05000195,0,0,2,0,1,0,0,0,0,0,0,0,0,0,0,0,0,3,1.7999999999999998
89,Chatham,E05000233,1,0,2,1,0,2,1,2,0,0,0,1,4,0,0,0,1,15,6.818181818181818
90,Chaucer,E05000537,1,0,3,2,1,0,4,7,0,0,1,0,0,0,0,1,2,22,5.627906976744186
91,Childs Hill,E05000045,0,0,0,6,0,0,3,2,7,2,0,5,1,2,0,1,0,29,6.323308270676691
92,Chislehurst,E05000111,0,0,0,1,0,1,2,0,0,0,0,0,0,0,0,0,0,4,2.6666666666666665
93,Chiswick Homefields,E05000348,0,2,1,1,0,3,3,4,1,0,1,1,0,0,0,0,1,18,7.363636363636361
94,Chiswick Riverside,E05000349,0,0,2,0,0,1,3,0,0,0,0,0,0,0,0,0,3,9,3.5217391304347827
95,Christchurch,E05000069,0,1,3,1,2,0,1,5,0,0,0,1,1,0,0,1,1,17,6.4222222222222225
96,Church End,E05000499,0,0,0,5,0,0,2,2,1,0,0,3,0,0,0,1,1,15,5.0
97,Church Street,E05000634,0,0,0,1,1,1,2,2,0,0,0,1,0,3,0,2,0,13,6.76
98,Churchill,E05000633,0,0,5,1,0,1,1,3,0,0,0,0,0,0,0,0,0,11,3.2702702702702706
99,City of London,E05000001,1,14,88,18,18,16,20,75,54,4,7,13,21,3,5,8,27,392,7.966818747407715
100,Clapham Common,E05000418,0,1,2,2,2,0,2,3,1,0,0,2,0,0,0,2,1,18,9.0
101,Clapham Town,E05000419,1,3,10,3,2,1,7,4,2,0,0,3,2,0,0,0,2,40,7.619047619047619
102,Clementswood,E05000501,0,0,0,5,1,0,2,0,0,0,0,2,0,1,0,4,0,15,4.411764705882352
103,Clerkenwell,E05000370,2,2,20,0,5,5,2,12,6,0,2,5,2,3,1,2,4,73,7.558865248226951
104,Clissold,E05000234,0,0,1,1,1,1,0,0,0,0,0,3,0,2,0,0,0,9,4.764705882352941
105,Clock House,E05000112,0,0,0,0,1,0,1,1,0,0,0,0,0,0,0,0,0,3,3.0
106,Cockfosters,E05000196,0,0,0,2,0,0,0,1,0,0,0,6,0,0,0,1,0,10,2.380952380952381
107,Coldharbour,E05000420,3,1,3,3,5,1,3,7,6,0,7,2,16,2,0,1,4,64,8.569037656903765
108,Colindale,E05000046,0,0,1,2,0,0,0,1,0,0,0,0,0,0,0,1,1,6,4.499999999999999
109,College,E05000538,0,0,1,0,1,1,2,0,0,0,0,0,1,0,0,0,0,6,4.5
110,College Park and Old Oak,E05000253,0,0,0,0,1,0,1,0,0,0,0,0,0,0,0,1,1,4,4.0
111,Colliers Wood,E05000457,0,2,4,2,4,0,1,2,0,0,0,1,1,0,0,1,1,19,7.367346938775511
112,Colville,E05000385,1,2,6,0,5,0,0,8,3,0,0,3,4,1,2,0,4,39,8.221621621621622
113,Colyers,E05000070,0,0,0,0,0,0,1,0,0,0,0,0,0,0,0,0,0,1,1.0
114,Coombe Hill,E05000406,0,0,0,0,0,0,0,1,0,0,0,0,0,0,0,0,0,1,1.0
115,Copers Cope,E05000113,0,1,4,0,2,1,0,6,0,0,0,2,0,0,1,0,1,18,5.0625
116,Coppetts,E05000047,0,1,0,1,0,0,2,1,0,0,0,1,0,0,0,1,1,8,6.4
117,Coulsdon East,E05000150,0,0,1,0,0,0,0,0,0,0,0,0,0,0,0,0,0,1,1.0
118,Coulsdon West,E05000151,0,0,1,1,0,0,0,1,0,0,0,0,0,0,0,0,2,5,3.571428571428571
119,Courtfield,E05000386,0,1,8,1,2,2,2,4,1,0,0,1,0,1,0,1,0,24,5.877551020408165
120,Cranbrook,E05000502,0,0,0,0,0,0,0,0,0,0,0,0,0,0,0,1,0,1,1.0
121,Cranford,E05000350,0,0,0,0,1,0,4,0,0,0,0,2,0,0,0,1,0,8,2.909090909090909
122,Cray Meadows,E05000072,0,0,0,0,0,0,0,1,0,0,0,0,0,0,0,0,0,1,1.0
123,Cray Valley West,E05000115,0,0,1,1,0,0,1,0,0,0,0,0,0,0,0,0,0,3,3.0
124,Crayford,E05000071,0,0,1,2,1,0,2,0,0,0,0,1,0,0,0,1,0,8,5.333333333333333
125,Cremorne,E05000387,0,2,0,1,0,1,0,4,2,0,1,2,0,0,0,2,0,15,6.428571428571429
126,Cricket Green,E05000458,0,0,1,1,0,0,1,0,0,0,0,0,0,0,0,0,0,3,3.0
127,Crofton Park,E05000441,0,2,0,4,1,0,4,1,0,0,0,2,1,0,0,0,1,16,5.818181818181818
128,Croham,E05000152,0,0,2,0,0,1,3,1,0,0,0,0,0,0,1,2,0,10,4.999999999999999
129,Crouch End,E05000269,0,1,6,3,2,0,2,3,2,0,0,1,0,0,0,1,4,25,7.352941176470588
130,Crystal Palace,E05000116,1,0,1,0,0,0,0,1,0,0,0,0,0,0,0,0,0,3,3.0
131,Dalston,E05000235,1,1,5,2,1,1,5,2,2,0,1,14,6,0,0,0,0,41,5.622073578595318
132,Danson Park,E05000073,0,0,1,2,0,0,0,0,0,0,0,0,0,0,0,0,0,3,1.7999999999999998
133,De Beauvoir,E05000236,1,0,5,0,0,0,1,2,1,0,1,1,0,1,0,0,0,13,4.828571428571428
134,Dollis Hill,E05000088,0,0,0,2,0,0,1,0,0,0,0,0,0,0,0,0,0,3,1.7999999999999998
135,Dormers Wells,E05000172,0,0,0,0,0,0,1,0,0,0,0,0,0,0,0,0,0,1,1.0
136,Downham,E05000442,1,1,0,1,0,0,2,0,0,0,0,0,0,0,0,1,0,6,4.5
137,Dudden Hill,E05000089,0,0,0,1,1,0,0,0,0,0,0,0,0,0,0,1,0,3,3.0
138,Dundonald,E05000459,0,0,1,0,1,0,0,0,1,0,0,0,1,0,0,3,1,8,4.571428571428571
139,Ealing Broadway,E05000173,0,0,0,1,4,0,0,0,0,0,0,0,3,0,0,0,2,10,3.333333333333333
140,Ealing Common,E05000174,0,0,0,0,2,0,1,0,0,0,0,0,0,0,0,0,0,3,1.7999999999999998
141,Earl's Court,E05000388,1,1,2,4,1,1,2,4,2,0,0,2,0,3,4,1,2,30,10.975609756097562
142,Earlsfield,E05000612,0,0,1,3,0,0,1,3,1,0,2,0,1,0,0,1,2,15,7.258064516129031
143,East Acton,E05000175,0,1,2,1,1,0,0,0,0,0,0,0,1,4,0,0,0,10,4.166666666666666
144,East Barnet,E05000048,0,0,0,0,0,1,0,0,0,0,0,1,0,0,0,0,2,4,2.6666666666666665
145,East Dulwich,E05000539,0,1,2,1,1,3,7,2,1,0,0,3,1,0,0,3,3,28,8.0
146,East Finchley,E05000049,0,0,0,1,0,1,1,1,0,0,0,1,0,0,0,1,3,9,5.4
147,East Ham Central,E05000480,0,0,0,0,0,0,0,0,0,0,0,0,1,0,0,0,0,1,1.0
148,East India and Lansbury,E05000579,0,0,2,2,0,0,1,0,0,0,0,0,0,0,0,0,0,5,2.7777777777777772
149,East Putney,E05000613,0,0,0,1,0,2,1,0,0,0,0,0,1,0,0,0,1,6,4.499999999999999
150,East Sheen,E05000517,0,0,2,1,0,0,3,3,1,0,0,1,0,0,0,0,1,12,5.538461538461538
151,East Walworth,E05000540,1,0,1,1,0,0,0,0,0,0,4,3,2,1,1,1,1,16,7.111111111111111
152,East Wickham,E05000074,0,0,0,0,0,0,1,0,0,0,0,0,0,0,0,0,0,1,1.0
153,Eastbrook,E05000030,0,0,1,0,0,0,0,0,0,0,0,0,0,0,0,0,0,1,1.0
154,Eastbury,E05000031,0,0,0,0,0,0,0,0,0,0,0,0,0,0,0,1,0,1,1.0
155,Eastcote and East Ruislip,E05000329,0,1,0,1,0,0,0,3,0,0,0,0,0,0,0,1,2,8,4.0
156,Edgware,E05000050,0,0,0,2,1,0,1,0,1,0,0,2,0,0,0,1,2,10,6.249999999999999
157,Edgware,E05000287,0,0,0,0,0,0,1,0,0,0,0,0,0,0,0,1,0,2,2.0
158,Edmonton Green,E05000197,0,0,0,0,0,0,0,0,0,0,0,5,0,0,0,1,0,6,1.3846153846153844
159,Eltham North,E05000218,0,0,0,0,0,0,1,0,0,0,0,0,0,0,0,0,0,1,1.0
160,Eltham South,E05000219,0,0,0,1,0,0,0,0,1,0,0,0,0,0,1,1,0,4,4.0
161,Elthorne,E05000176,0,0,0,1,1,0,2,0,0,0,0,1,1,1,0,3,1,11,6.368421052631579
162,Emerson Park,E05000309,0,0,0,0,0,0,1,0,0,0,0,1,0,0,0,0,0,2,2.0
163,Enfield Highway,E05000198,1,1,0,0,0,0,0,0,0,0,0,1,0,0,0,0,0,3,3.0
164,Enfield Lock,E05000199,0,0,1,0,0,0,0,0,0,0,0,0,0,0,0,0,0,1,1.0
165,Erith,E05000075,0,1,0,1,0,0,1,0,0,0,0,0,0,0,0,0,0,3,3.0
166,Evelyn,E05000443,1,0,1,0,1,0,0,2,0,0,0,0,0,0,0,0,5,10,3.125
167,Fairfield,E05000153,1,5,2,8,4,1,5,12,2,0,1,5,7,1,0,1,4,59,9.233421750663126
168,Fairfield,E05000614,1,2,8,5,0,1,5,3,0,0,0,2,0,0,0,1,2,30,6.521739130434783
169,Fairlop,E05000503,0,0,0,0,0,0,0,0,0,0,0,0,0,0,0,1,0,1,1.0
170,Falconwood and Welling,E05000076,0,0,0,1,0,0,2,1,0,0,0,2,0,0,0,0,0,6,3.5999999999999996
171,Faraday,E05000541,1,0,0,0,0,0,0,1,2,0,0,0,0,0,0,0,1,5,3.571428571428571
172,Feltham North,E05000351,0,0,1,1,0,0,1,0,0,0,0,0,0,0,0,1,1,5,4.999999999999999
173,Feltham West,E05000352,0,0,0,1,0,0,0,0,0,0,0,0,0,0,0,0,0,1,1.0
174,Ferndale,E05000421,0,1,2,0,4,0,1,2,0,0,1,4,4,0,0,0,0,19,6.118644067796611
175,Figge's Marsh,E05000460,0,0,0,1,0,0,1,1,0,0,0,0,0,0,0,0,0,3,3.0
176,Finchley Church End,E05000051,2,0,0,1,0,0,1,1,0,1,0,2,0,0,0,1,1,10,7.142857142857141
177,Finsbury Park,E05000371,3,3,3,1,1,0,0,4,4,0,1,8,1,0,0,1,2,32,7.757575757575758
178,Forest,E05000595,0,0,0,1,0,0,0,0,0,0,0,1,0,0,0,2,0,4,2.6666666666666665
179,Forest Gate North,E05000483,0,0,0,0,0,0,1,0,0,0,0,0,0,0,0,0,0,1,1.0
180,Forest Gate South,E05000484,0,0,0,1,0,0,0,1,1,0,0,0,0,0,0,0,0,3,3.0
181,Forest Hill,E05000444,0,0,2,2,0,0,1,1,0,0,0,0,0,0,0,0,1,7,4.454545454545455
182,Fortis Green,E05000270,0,0,2,0,2,1,1,2,2,0,0,4,0,0,0,1,1,16,7.111111111111111
183,Fortune Green,E05000132,0,0,1,0,0,1,3,1,1,0,0,0,0,1,1,2,0,11,6.36842105263158
184,Frognal and Fitzjohns,E05000133,0,0,0,5,0,0,5,5,4,0,0,2,0,0,0,2,0,23,5.343434343434344
185,Fryent,E05000090,0,0,0,1,0,0,0,0,1,0,0,0,0,0,0,4,0,6,2.0
186,Fulham Broadway,E05000254,1,4,2,2,0,1,2,3,1,1,0,0,1,1,0,0,1,20,9.09090909090909
187,Fulham Reach,E05000255,0,0,1,1,0,0,1,3,2,0,0,2,0,1,0,1,2,14,7.538461538461538
188,Fullwell,E05000504,0,0,1,0,0,0,1,0,0,0,0,0,0,0,0,2,0,4,2.6666666666666665
189,Fulwell and Hampton Hill,E05000518,0,0,0,3,0,1,0,0,0,0,0,1,0,0,0,0,1,6,2.9999999999999996
190,Furzedown,E05000615,0,0,0,1,0,0,0,0,0,0,0,0,0,0,0,0,0,1,1.0
191,Garden Suburb,E05000052,1,0,0,0,0,0,0,3,1,0,0,1,0,0,0,0,2,8,4.0
192,Gascoigne,E05000032,0,1,0,0,0,0,0,0,0,0,0,0,0,0,0,0,0,1,1.0
193,Gipsy Hill,E05000422,0,0,2,0,0,0,0,2,0,0,0,0,0,0,0,0,1,5,2.7777777777777772
194,Golborne,E05000389,4,0,2,0,3,1,0,3,1,0,0,4,3,0,0,2,2,25,8.561643835616438
195,Golders Green,E05000053,0,0,0,0,0,0,0,0,0,0,1,0,0,0,0,0,0,1,1.0
196,Goodmayes,E05000505,0,1,0,1,0,0,1,0,0,0,0,0,0,0,0,0,0,3,3.0
197,Goresbrook,E05000033,0,0,0,0,0,0,1,0,0,0,0,0,1,0,0,0,0,2,2.0
198,Gospel Oak,E05000134,0,0,3,1,0,0,1,0,2,0,0,0,0,0,0,2,1,10,4.999999999999999
199,Grange,E05000200,0,0,2,1,1,0,1,1,0,0,0,0,0,0,0,2,0,8,5.333333333333333
200,Grange,E05000542,1,0,11,4,5,3,1,4,0,0,1,2,1,2,0,1,2,38,7.07843137254902
201,Graveney,E05000461,0,0,0,1,0,0,0,0,0,0,0,0,0,0,0,1,0,2,2.0
202,Graveney,E05000616,0,1,4,2,2,0,3,2,1,0,0,0,0,2,0,2,0,19,7.680851063829787
203,Green Street East,E05000485,1,0,0,0,0,0,0,0,0,0,0,0,0,0,1,0,0,2,2.0
204,Green Street West,E05000486,0,1,0,0,0,0,0,0,0,0,0,0,0,0,0,0,1,2,2.0
205,Greenford Broadway,E05000177,0,0,0,1,0,0,2,0,0,0,0,0,0,0,0,0,0,3,1.7999999999999998
206,Greenford Green,E05000178,0,1,1,1,0,0,0,0,0,0,0,0,0,0,0,0,0,3,3.0
207,Greenhill,E05000288,0,0,1,5,1,0,2,5,1,0,0,2,2,1,0,1,1,22,7.117647058823531
208,Greenwich West,E05000222,0,1,14,2,2,2,2,5,3,0,2,3,0,1,0,1,3,41,6.202952029520293
209,Grove,E05000408,1,0,0,0,1,0,0,0,0,1,1,0,0,0,0,0,1,5,4.999999999999999
210,Grove Green,E05000596,0,0,1,2,0,0,0,0,0,0,0,0,1,0,0,1,0,5,3.571428571428571
211,Grove Park,E05000445,0,0,0,0,0,0,0,0,0,0,0,0,0,0,0,1,0,1,1.0
212,Hackney Central,E05000237,0,0,3,3,1,0,0,2,1,0,0,0,3,0,0,0,1,14,5.764705882352941
213,Hackney Downs,E05000238,0,0,0,3,0,0,1,0,0,0,0,1,0,0,1,0,0,6,2.9999999999999996
214,Haggerston,E05000239,5,12,30,2,3,4,4,12,7,2,4,13,5,2,3,1,22,131,8.49975235264983
215,Hale End and Highams Park,E05000597,0,0,0,0,0,0,1,0,0,0,0,0,0,0,0,0,1,2,2.0
216,"Ham, Petersham and Richmond Riverside",E05000519,0,0,2,1,2,0,0,0,0,0,1,0,0,0,0,0,0,6,3.5999999999999996
217,Hammersmith Broadway,E05000256,1,1,4,3,4,0,5,4,3,0,1,3,1,1,1,2,4,38,11.460317460317464
218,Hampstead Town,E05000135,0,1,4,1,1,3,2,7,2,0,1,3,1,1,0,1,3,31,8.981308411214952
219,Hampton,E05000520,0,1,3,0,0,0,1,1,0,0,0,0,0,0,0,2,0,8,4.0
220,Hampton Wick,E05000522,0,0,0,0,0,0,0,0,0,0,0,0,0,0,0,0,1,1,1.0
221,Hanger Hill,E05000179,0,1,0,1,1,0,1,1,1,0,0,1,0,1,0,1,0,9,9.0
222,Hans Town,E05000390,0,0,6,1,0,2,2,8,4,0,1,2,1,1,0,1,0,29,6.323308270676691
223,Hanworth,E05000353,0,0,0,1,0,0,0,0,0,0,0,0,0,0,0,0,0,1,1.0
224,Hanworth Park,E05000354,0,2,0,0,0,0,0,1,0,0,0,0,2,0,0,2,0,7,3.7692307692307696
225,Harefield,E05000330,0,0,0,0,0,0,1,0,0,0,0,0,0,0,0,0,0,1,1.0
226,Harlesden,E05000091,0,0,1,0,0,0,0,0,0,0,0,0,2,0,0,1,0,4,2.6666666666666665
227,Harold Wood,E05000312,0,0,0,1,0,0,0,0,0,0,0,0,0,0,0,0,0,1,1.0
228,Harringay,E05000271,0,0,0,1,1,1,6,1,0,0,1,11,0,2,0,0,0,24,3.46987951807229
229,Harrow Road,E05000635,2,0,0,2,0,1,1,0,0,0,0,1,1,2,0,0,0,10,6.249999999999997
230,Harrow Weald,E05000290,0,0,0,0,0,1,1,0,0,0,0,0,0,0,0,1,0,3,3.0
231,Harrow on the Hill,E05000289,0,1,0,0,1,1,2,0,0,0,0,0,0,0,0,0,0,5,3.571428571428571
232,Haselbury,E05000201,0,0,0,1,0,0,0,0,0,0,0,1,0,0,0,0,0,2,2.0
233,Hatch End,E05000291,0,0,1,1,0,0,0,1,0,0,0,1,0,0,0,0,0,4,4.0
234,Hatch Lane,E05000598,0,0,0,0,0,0,0,0,0,0,0,0,0,0,0,1,0,1,1.0
235,Haverstock,E05000136,0,1,4,2,2,0,1,2,1,0,0,3,1,0,0,0,2,19,8.022222222222224
236,Headstone North,E05000292,0,1,0,1,0,0,3,0,0,0,0,1,0,0,0,0,0,6,2.9999999999999996
237,Headstone South,E05000293,0,0,0,1,0,0,4,0,0,0,0,0,0,0,0,0,0,5,1.4705882352941173
238,Heathfield,E05000155,0,0,2,2,0,0,0,1,0,0,0,0,0,0,0,1,0,6,3.5999999999999996
239,Heathfield,E05000523,0,0,1,0,0,0,0,0,0,0,0,0,0,0,0,0,0,1,1.0
240,Heathrow Villages,E05000331,0,4,15,3,0,2,8,7,1,0,0,4,0,1,0,0,0,45,5.25974025974026
241,Hendon,E05000055,0,0,1,3,1,0,1,0,1,0,0,1,0,4,0,2,0,14,5.764705882352941
242,Herne Hill,E05000423,0,1,1,3,1,0,0,2,0,0,0,0,0,1,0,0,1,10,5.5555555555555545
243,Heston Central,E05000355,0,0,0,0,0,0,2,0,0,0,0,0,0,0,0,0,0,2,1.0
244,Heston East,E05000356,0,0,0,0,0,0,3,0,0,0,0,0,0,0,1,1,0,5,2.2727272727272725
245,High Barnet,E05000056,0,0,0,0,0,0,0,1,0,0,0,1,0,0,0,0,0,2,2.0
246,High Street,E05000599,0,0,1,1,0,0,2,1,1,0,0,0,1,0,1,1,1,10,8.33333333333333
247,Higham Hill,E05000600,0,0,1,0,0,0,0,0,0,0,0,1,0,0,0,0,0,2,2.0
248,Highbury East,E05000372,1,1,3,2,0,1,0,4,1,0,0,1,0,0,1,0,3,18,7.363636363636364
249,Highbury West,E05000373,2,0,1,1,1,0,2,5,1,0,0,2,0,0,0,0,3,18,6.4799999999999995
250,Highgate,E05000137,0,0,4,0,0,1,1,6,0,0,0,2,0,0,0,1,1,16,4.266666666666667
251,Highgate,E05000272,1,1,1,2,0,1,1,3,1,0,0,0,0,0,0,0,0,11,6.368421052631579
252,Highlands,E05000202,0,0,0,0,0,1,1,1,0,0,0,0,0,0,0,1,0,4,4.0
253,Hillingdon East,E05000332,0,0,0,1,0,0,3,0,0,0,0,1,0,0,0,0,0,5,2.2727272727272725
254,Hillrise,E05000374,0,0,0,0,0,0,0,1,0,0,0,0,0,0,0,0,0,1,1.0
255,Hillside,E05000462,0,0,1,1,1,0,0,1,2,0,1,1,0,0,0,0,1,9,7.363636363636364
256,Hobbayne,E05000180,0,0,0,0,0,0,1,0,0,0,0,0,0,0,0,0,0,1,1.0
257,Hoe Street,E05000601,0,1,1,2,1,0,0,2,0,0,0,0,1,0,0,1,0,9,6.230769230769231
258,Holborn and Covent Garden,E05000138,1,7,29,16,10,11,7,44,26,13,3,15,8,3,4,4,11,212,9.648776298840705
259,Holland,E05000391,0,3,3,0,0,0,0,3,1,0,0,0,0,1,0,0,0,11,4.172413793103448
260,Holloway,E05000375,1,0,2,1,1,0,0,1,1,0,1,3,1,0,0,1,0,13,8.047619047619046
261,Hornsey,E05000273,0,0,0,1,1,2,4,2,1,0,0,1,0,0,0,2,1,15,6.818181818181818
262,Hounslow Central,E05000358,0,0,1,1,1,1,5,0,0,0,0,0,0,1,1,3,2,16,5.818181818181818
263,Hounslow Heath,E05000359,0,0,0,0,0,0,3,1,0,0,0,0,0,0,0,2,0,6,2.571428571428571
264,Hounslow West,E05000361,0,1,0,2,2,0,4,1,0,0,0,2,0,0,0,2,0,14,5.764705882352942
265,Hoxton,E05000240,0,1,8,3,2,1,2,2,1,0,0,1,1,0,0,0,0,22,5.377777777777779
266,Hyde Park,E05000636,1,1,10,4,1,4,7,15,4,0,1,8,2,17,1,6,7,89,9.115074798619101
267,Hylands,E05000315,0,0,1,0,0,0,0,0,0,0,0,0,0,0,0,1,0,2,2.0
268,Ickenham,E05000333,0,0,0,1,0,0,1,0,0,0,0,0,0,0,0,0,0,2,2.0
269,Isleworth,E05000362,0,0,0,1,0,0,0,0,0,0,0,0,0,0,1,0,0,2,2.0
270,Jubilee,E05000203,0,0,0,1,0,0,0,0,0,0,0,0,1,0,0,1,0,3,3.0
271,Junction,E05000376,0,0,3,2,1,0,2,5,2,0,1,4,0,1,0,2,1,24,8.22857142857143
272,Kelsey and Eden Park,E05000120,0,0,1,0,0,0,2,2,0,0,0,2,0,0,0,2,1,10,5.5555555555555545
273,Kenley,E05000156,0,0,0,1,0,0,0,0,0,0,0,0,0,0,0,0,0,1,1.0
274,Kensal Green,E05000092,1,0,1,0,2,0,2,0,0,0,2,0,0,0,0,0,1,9,5.4
275,Kentish Town,E05000139,2,1,3,4,1,2,5,5,2,0,0,7,1,0,0,2,6,41,9.391061452513966
276,Kenton,E05000093,0,0,0,0,0,0,1,0,0,0,0,0,0,0,0,0,0,1,1.0
277,Kenton East,E05000294,0,0,0,0,0,0,1,0,0,0,0,0,0,0,0,0,0,1,1.0
278,Kenton West,E05000295,0,0,1,0,0,0,0,0,0,0,0,0,0,0,0,0,0,1,1.0
279,Kew,E05000524,0,0,4,0,0,1,1,2,0,0,0,0,0,1,0,0,1,10,4.166666666666665
280,Kilburn,E05000094,0,2,2,3,1,0,4,2,0,0,0,2,2,3,0,2,1,24,9.6
281,Kilburn,E05000140,1,0,0,1,1,1,3,1,0,0,2,2,0,0,0,0,1,13,7.347826086956521
282,King's Cross,E05000141,0,1,4,2,1,1,5,6,1,0,0,6,0,0,0,1,3,31,7.335877862595421
283,Knight's Hill,E05000424,0,1,1,1,0,0,0,0,0,0,0,1,0,0,0,2,0,6,4.5
284,Knightsbridge and Belgravia,E05000637,0,0,11,1,2,5,1,12,5,0,0,3,0,8,2,2,1,53,6.970223325062033
285,Lady Margaret,E05000181,0,0,0,0,0,0,1,0,0,0,0,1,0,0,0,0,0,2,2.0
286,Ladywell,E05000446,0,0,0,0,1,0,0,0,0,0,0,0,0,0,0,1,0,2,2.0
287,Lancaster Gate,E05000638,4,2,3,15,2,2,2,9,0,0,1,7,2,2,1,4,8,64,8.427983539094651
288,Larkhall,E05000425,0,0,3,2,1,0,1,1,0,0,1,1,2,2,1,2,0,17,9.32258064516129
289,Larkswood,E05000602,0,0,0,1,0,0,3,1,1,0,0,1,0,0,0,0,0,7,3.7692307692307696
290,Latchmere,E05000617,0,0,1,1,0,0,2,5,1,0,0,1,1,0,0,1,1,14,5.444444444444444
291,Lavender Fields,E05000463,0,0,0,3,0,0,0,0,0,0,0,0,0,0,0,0,0,3,1.0
292,Lea Bridge,E05000603,2,0,1,3,0,0,0,0,0,0,0,0,1,0,0,1,1,9,4.764705882352941
293,Leabridge,E05000242,0,0,2,0,0,0,1,2,0,0,0,1,0,0,0,0,0,6,3.5999999999999996
294,Lee Green,E05000447,0,0,1,1,0,0,2,0,1,0,0,0,1,0,0,2,0,8,5.333333333333333
295,Lesnes Abbey,E05000077,0,0,0,0,0,0,0,0,0,0,0,0,0,0,0,1,0,1,1.0
296,Lewisham Central,E05000448,2,0,2,7,1,1,4,1,0,0,0,3,2,0,0,4,1,28,7.396226415094341
297,Leyton,E05000604,0,1,2,0,1,1,0,0,0,0,0,0,0,0,0,0,0,5,3.571428571428571
298,Leytonstone,E05000605,0,1,0,2,0,0,2,1,0,0,0,1,0,0,0,1,2,10,6.249999999999997
299,Limehouse,E05000580,0,0,0,2,0,0,3,1,0,0,0,0,0,0,0,2,0,8,3.5555555555555554
300,Little Venice,E05000639,0,0,4,0,1,2,1,4,1,1,0,1,0,5,0,0,0,20,6.06060606060606
301,Livesey,E05000543,2,1,0,1,0,0,1,0,0,0,0,0,0,0,0,0,1,6,4.499999999999999
302,Longlands,E05000078,0,0,1,0,0,0,2,2,0,0,0,0,0,0,0,1,0,6,3.5999999999999996
303,Lordship,E05000243,0,0,1,0,0,0,0,3,0,0,0,0,1,0,0,1,0,6,2.9999999999999996
304,Lower Edmonton,E05000204,0,0,0,0,0,0,1,0,0,0,0,1,0,0,0,0,0,2,2.0
305,Loxford,E05000507,0,0,0,0,0,0,0,0,0,0,0,0,0,1,0,2,0,3,1.7999999999999998
306,Maida Vale,E05000640,0,0,2,0,0,0,0,0,0,0,0,0,0,2,2,0,1,7,3.769230769230769
307,Manor,E05000334,0,0,0,0,1,0,0,2,0,0,0,1,0,1,0,2,1,8,5.333333333333333
308,Mapesbury,E05000095,2,0,0,0,0,0,1,1,0,0,1,0,0,1,0,0,0,6,4.499999999999999
309,Markhouse,E05000606,0,0,1,0,0,0,2,0,0,0,0,0,0,0,0,0,0,3,1.7999999999999998
310,Marlborough,E05000296,0,1,0,1,0,0,4,0,0,0,0,1,0,0,1,2,0,10,4.166666666666665
311,Marylebone High Street,E05000641,2,3,23,7,7,12,7,33,12,1,2,16,1,8,0,1,4,139,8.020340390203403
312,Merton Park,E05000466,0,1,0,1,0,0,0,1,0,0,0,0,0,0,1,0,0,4,4.0
313,Mildmay,E05000377,0,0,1,1,1,0,4,3,0,0,0,2,2,0,0,2,3,19,7.367346938775511
314,Mile End East,E05000582,0,0,1,1,1,0,0,0,0,0,0,3,0,0,0,0,0,6,3.0
315,Mile End and Globe Town,E05000581,0,1,3,2,1,0,0,2,0,0,0,3,0,1,1,0,0,14,6.533333333333333
316,Mill Hill,E05000057,0,0,0,1,0,0,1,0,0,0,0,1,0,0,0,2,0,5,3.571428571428571
317,Millwall,E05000583,0,4,10,4,4,1,7,12,10,0,1,6,2,0,3,0,3,67,8.960079840319361
318,Monkhams,E05000509,0,0,0,2,0,0,0,0,0,0,0,0,0,0,0,1,0,3,1.7999999999999998
319,Mortlake and Barnes Common,E05000525,0,1,3,0,1,0,1,0,0,0,0,0,0,0,0,0,0,6,2.9999999999999996
320,Munster,E05000257,0,0,1,0,0,0,0,2,0,0,0,0,0,1,0,1,1,6,4.499999999999999
321,Muswell Hill,E05000274,0,0,4,1,0,1,0,4,2,0,0,1,2,0,1,0,0,16,5.818181818181818
322,New Cross,E05000449,0,0,0,3,0,0,0,0,0,0,0,3,2,1,1,3,0,13,5.12121212121212
323,New River,E05000244,0,0,0,0,0,0,0,0,0,0,1,1,0,1,0,0,0,3,3.0
324,Newbury,E05000510,0,0,0,0,0,0,1,0,0,0,0,1,0,0,0,0,0,2,2.0
325,Newington,E05000544,0,0,0,4,0,0,1,0,0,1,3,3,1,0,0,1,2,16,6.095238095238095
326,Nightingale,E05000618,0,0,2,3,1,3,2,2,1,0,0,1,1,1,0,2,2,21,10.255813953488374
327,Noel Park,E05000275,0,5,2,5,1,0,4,1,0,0,0,8,0,0,0,0,0,26,4.970588235294117
328,Norbiton,E05000409,0,0,0,0,0,0,0,1,0,0,0,0,0,0,0,1,1,3,3.0
329,Norbury,E05000158,2,0,0,3,0,0,0,2,0,0,0,1,2,0,0,4,0,14,5.157894736842105
330,Norland,E05000392,0,1,2,0,1,1,0,3,1,0,0,1,0,0,0,0,0,10,5.5555555555555545
331,North End,E05000258,0,0,0,1,1,1,3,2,0,0,0,3,1,0,0,1,2,15,7.258064516129031
332,North Richmond,E05000526,0,0,0,3,0,0,0,2,1,1,0,0,0,0,1,0,1,9,4.764705882352941
333,Northcote,E05000619,0,1,3,2,2,2,0,8,1,1,0,1,1,1,1,3,3,30,8.181818181818183
334,Northfield,E05000182,0,0,1,0,0,0,0,0,0,0,0,0,0,0,1,0,0,2,2.0
335,Northolt Mandeville,E05000184,0,0,1,0,0,0,0,0,0,0,0,0,0,0,0,0,0,1,1.0
336,Northumberland Heath,E05000080,0,0,0,1,0,0,0,0,0,0,0,0,0,0,0,0,0,1,1.0
337,Northumberland Park,E05000276,0,0,0,1,0,0,0,0,0,0,0,0,1,0,0,0,0,2,2.0
338,Northwick Park,E05000096,0,0,0,0,0,0,2,0,0,0,0,1,0,1,0,0,0,4,2.6666666666666665
339,Northwood,E05000335,0,0,0,2,0,0,1,1,0,0,1,1,0,0,0,1,0,7,5.444444444444445
340,Northwood Hills,E05000336,0,0,0,1,0,0,4,1,0,0,0,1,0,1,0,1,1,10,4.545454545454544
341,Norwood Green,E05000186,0,0,0,0,0,0,1,0,0,0,0,0,0,0,0,1,0,2,2.0
342,Notting Barns,E05000393,1,0,0,0,0,0,0,1,0,0,0,0,0,0,0,1,2,5,3.571428571428571
343,Nunhead,E05000545,0,0,0,0,1,0,2,0,0,0,0,1,0,0,0,0,0,4,2.6666666666666665
344,Oakleigh,E05000058,0,1,0,2,0,0,2,4,0,0,0,1,0,0,0,0,0,10,3.8461538461538454
345,Orpington,E05000122,0,0,1,1,0,0,0,2,0,0,1,2,0,0,1,0,1,9,6.230769230769231
346,Osterley and Spring Grove,E05000363,0,1,0,2,0,0,2,0,0,0,0,0,0,0,0,0,1,6,3.5999999999999996
347,Oval,E05000426,2,1,2,0,3,0,3,5,1,1,5,1,1,0,0,1,0,26,8.243902439024392
348,Palace Riverside,E05000259,0,0,2,0,0,0,0,1,0,0,0,0,0,0,0,0,0,3,1.7999999999999998
349,Palmers Green,E05000205,0,0,0,1,0,0,0,3,0,0,0,3,0,0,0,0,0,7,2.5789473684210527
350,Parsons Green and Walham,E05000260,1,4,8,0,2,2,1,4,2,0,1,2,0,0,0,0,4,31,7.335877862595419
351,Peckham,E05000546,2,0,1,0,0,1,1,1,0,0,0,0,1,0,0,0,0,7,5.444444444444445
352,Peckham Rye,E05000547,0,0,0,0,0,0,0,1,0,0,0,0,0,0,0,1,0,2,2.0
353,Pembridge,E05000394,0,1,4,1,1,1,0,7,1,0,1,0,1,0,0,3,0,21,5.444444444444444
354,Penge and Cator,E05000123,0,1,0,2,0,1,1,3,0,0,0,0,0,0,0,0,1,9,4.764705882352941
355,Peninsula,E05000225,1,6,5,6,2,2,5,3,4,0,3,2,3,1,1,0,1,45,11.187845303867402
356,Perivale,E05000187,0,0,0,0,0,0,0,0,0,0,0,0,0,0,0,1,0,1,1.0
357,Pettits,E05000317,0,0,1,0,0,0,0,0,0,0,0,0,0,0,0,0,0,1,1.0
358,Petts Wood and Knoll,E05000124,0,0,0,2,0,0,2,1,0,0,0,3,1,0,0,1,0,10,4.999999999999999
359,Pinkwell,E05000337,0,0,0,0,0,0,0,0,0,0,0,0,0,0,0,1,0,1,1.0
360,Pinner,E05000297,0,0,1,0,0,1,1,4,0,0,0,0,0,0,0,0,0,7,2.5789473684210527
361,Pinner South,E05000298,0,0,0,1,0,0,0,0,0,0,0,2,0,0,0,0,1,4,2.6666666666666665
362,Plaistow and Sundridge,E05000125,0,0,0,1,0,0,2,0,0,0,0,1,0,0,0,1,0,5,3.571428571428571
363,Plumstead,E05000226,0,0,0,1,0,0,2,0,0,0,0,0,0,0,1,1,0,5,3.571428571428571
364,Pollards Hill,E05000467,0,0,1,0,0,0,0,0,0,0,0,0,0,0,0,0,0,1,1.0
365,Ponders End,E05000206,0,0,1,0,0,0,0,0,0,0,0,1,0,0,0,0,0,2,2.0
366,Preston,E05000097,0,0,1,0,0,0,0,0,0,0,1,1,0,0,0,1,0,4,4.0
367,Prince's,E05000427,1,0,6,1,3,2,3,1,0,1,0,0,0,1,1,1,1,22,7.333333333333337
368,Purley,E05000159,0,1,0,1,1,0,0,3,0,0,1,2,0,0,0,1,1,11,6.36842105263158
369,Queen's Gate,E05000395,0,0,8,1,0,6,5,11,5,0,0,4,2,1,1,0,2,46,7.100671140939598
370,Queen's Park,E05000642,0,0,0,1,0,0,0,2,0,0,0,0,0,1,0,0,0,4,2.6666666666666665
371,Queens Park,E05000098,0,0,4,2,0,0,2,2,3,0,0,1,0,1,0,2,0,17,6.720930232558139
372,Queensbridge,E05000245,1,1,10,4,2,1,1,4,1,0,1,7,1,0,0,1,8,43,7.194552529182882
373,Queensbury,E05000099,1,0,0,0,1,0,4,0,0,0,0,0,0,0,0,1,0,7,2.5789473684210527
374,Queensbury,E05000299,0,0,0,0,0,0,4,0,0,0,0,0,0,0,0,0,0,4,1.0
375,Queenstown,E05000620,0,0,0,2,1,1,2,6,1,0,1,0,2,1,0,1,0,18,5.999999999999999
376,Rainham and Wennington,E05000318,0,0,1,0,0,0,1,1,0,0,0,0,0,0,0,0,0,3,3.0
377,Ravenscourt Park,E05000261,1,0,5,4,4,0,5,5,2,0,0,0,0,0,1,3,6,36,8.20253164556962
378,Rayners Lane,E05000300,0,0,0,0,0,0,6,2,0,0,0,0,0,0,0,2,0,10,2.2727272727272725
379,Raynes Park,E05000469,0,0,0,0,0,0,0,0,1,0,0,0,0,0,0,0,0,1,1.0
380,Redcliffe,E05000396,0,0,3,1,2,2,2,5,2,0,0,2,0,0,0,0,2,21,7.474576271186442
381,Regent's Park,E05000142,1,2,8,3,4,1,5,6,5,0,1,7,3,2,0,5,6,59,11.41311475409836
382,Regent's Park,E05000643,0,1,4,0,2,1,1,2,1,0,0,1,0,3,0,0,2,18,7.714285714285714
383,River,E05000038,0,0,0,1,0,0,0,1,0,0,0,0,0,0,0,0,0,2,2.0
384,Riverside,E05000548,0,0,13,5,0,5,8,12,5,0,1,1,2,0,1,2,4,59,7.267223382045928
385,Roding,E05000511,0,0,0,0,0,0,0,0,1,0,0,0,0,0,0,0,0,1,1.0
386,Roehampton and Putney Heath,E05000621,0,0,1,2,0,0,0,0,0,0,0,0,0,0,0,0,0,3,1.7999999999999998
387,Romford Town,E05000319,0,2,2,2,2,0,2,8,0,0,1,1,1,0,1,1,0,23,5.943820224719103
388,Rotherhithe,E05000549,0,1,2,8,0,0,2,0,0,0,0,0,0,0,0,1,2,16,3.282051282051282
389,Roxbourne,E05000301,0,0,0,0,0,0,1,0,0,0,0,0,0,0,0,0,0,1,1.0
390,Roxeth,E05000302,0,0,0,1,0,0,3,0,0,0,0,0,0,0,0,1,1,6,2.9999999999999996
391,Royal Hospital,E05000397,0,2,5,0,1,2,1,7,4,0,0,0,1,1,0,0,0,24,5.647058823529412
392,Rushey Green,E05000451,1,0,0,4,1,0,1,3,1,0,0,0,2,0,0,1,0,14,5.764705882352941
393,Sanderstead,E05000160,0,0,0,1,0,0,1,0,0,0,0,0,0,0,0,0,0,2,2.0
394,Sands End,E05000262,0,0,1,0,0,0,0,2,0,0,0,0,0,1,0,0,0,4,2.6666666666666665
395,Selhurst,E05000161,0,0,0,1,0,0,0,1,0,0,0,1,2,0,0,0,0,5,3.571428571428571
396,Selsdon and Ballards,E05000162,0,0,0,0,0,1,2,0,0,0,0,0,0,0,1,0,0,4,2.6666666666666665
397,Seven Kings,E05000512,0,0,0,1,0,0,0,0,0,0,0,1,0,0,0,2,0,4,2.6666666666666665
398,Shadwell,E05000586,0,1,3,3,0,0,3,1,0,0,0,0,0,0,0,2,2,15,6.08108108108108
399,Shaftesbury,E05000623,0,0,3,5,0,1,3,3,2,0,0,1,0,0,0,1,3,22,7.117647058823532
400,Shepherd's Bush Green,E05000263,0,1,5,11,5,1,2,4,9,0,1,11,5,4,2,2,5,68,9.838297872340425
401,Sidcup,E05000083,0,1,4,1,0,1,2,2,0,0,0,0,1,0,0,1,0,13,5.82758620689655
402,Snaresbrook,E05000513,0,1,2,1,1,1,1,2,0,0,0,3,0,0,0,0,1,13,7.347826086956521
403,South Acton,E05000188,1,0,0,1,1,0,1,2,2,0,0,2,0,0,1,3,2,16,8.533333333333333
404,South Bermondsey,E05000550,0,0,2,0,0,0,0,0,0,0,0,0,0,0,0,0,0,2,1.0
405,South Camberwell,E05000551,0,0,0,1,0,0,1,0,0,0,0,0,0,0,0,0,1,3,3.0
406,South Norwood,E05000164,0,0,0,3,0,0,1,0,0,0,0,0,1,0,0,0,1,6,2.9999999999999996
407,South Richmond,E05000528,1,0,0,1,1,0,1,0,0,0,1,0,0,1,1,0,0,7,7.0
408,South Ruislip,E05000338,0,0,0,0,0,0,2,1,0,0,0,1,0,0,0,0,0,4,2.6666666666666665
409,South Twickenham,E05000529,0,0,3,0,0,0,1,1,0,0,0,0,0,0,0,1,1,7,3.7692307692307696
410,Southall Broadway,E05000189,0,0,0,0,0,0,9,0,0,0,0,1,0,0,0,11,0,21,2.172413793103448
411,Southall Green,E05000190,0,0,0,0,0,0,3,0,0,0,0,0,0,0,0,2,0,5,1.923076923076923
412,Southbury,E05000207,0,1,1,1,0,0,1,0,0,0,0,0,1,0,0,0,0,5,4.999999999999999
413,Southfield,E05000191,0,0,0,1,0,1,1,0,0,0,0,0,0,1,0,0,0,4,4.0
414,Southfields,E05000624,0,1,2,2,1,0,3,2,1,0,0,0,1,1,0,2,3,19,9.256410256410255
415,Southgate,E05000208,0,0,1,2,1,0,1,2,0,0,0,5,0,2,0,1,0,15,5.48780487804878
416,Southgate Green,E05000209,0,0,2,2,0,2,4,0,0,0,0,2,0,0,0,1,0,13,5.12121212121212
417,Spitalfields and Banglatown,E05000587,2,7,13,4,4,5,32,10,12,0,4,10,6,1,3,21,15,149,9.34778947368421
418,Squirrel's Heath,E05000322,0,0,0,0,0,0,2,0,0,0,0,0,0,0,0,0,0,2,1.0
419,St Andrew's,E05000320,0,1,5,5,1,0,0,2,0,0,0,0,0,0,0,0,1,15,3.9473684210526323
420,St Ann's,E05000277,0,0,0,2,0,0,0,2,0,0,0,5,0,0,1,0,0,10,2.941176470588235
421,St Charles,E05000398,0,1,0,0,0,0,0,0,0,0,0,1,0,0,0,0,1,3,3.0
422,St Dunstan's and Stepney Green,E05000584,0,0,0,2,0,0,5,1,0,0,0,1,1,0,0,2,1,13,4.567567567567567
423,St George's,E05000378,0,0,0,1,0,1,2,1,0,0,0,0,0,0,0,1,0,6,4.5
424,St James,E05000411,0,0,0,0,0,0,0,0,0,1,0,0,0,0,0,0,0,1,1.0
425,St James's,E05000644,2,30,104,110,19,33,17,104,44,8,2,24,17,6,5,7,31,563,7.86230931415106
426,St Katharine's and Wapping,E05000585,1,1,7,2,1,1,2,5,0,0,0,1,0,0,2,0,0,23,5.813186813186813
427,St Leonard's,E05000428,5,1,3,5,0,0,0,3,0,0,0,3,1,0,0,1,2,24,6.857142857142857
428,St Margarets and North Twickenham,E05000527,0,0,1,0,0,1,0,2,0,0,0,1,0,0,0,0,1,6,4.5
429,St Mary's,E05000081,0,0,0,1,0,0,2,2,0,0,0,1,0,0,0,2,0,8,4.571428571428571
430,St Mary's,E05000379,0,2,11,5,4,7,5,17,6,0,4,15,6,0,1,2,10,95,9.530095036958818
431,St Mary's Park,E05000622,0,0,4,0,1,2,2,4,1,0,2,2,0,1,1,1,1,22,8.962962962962965
432,St Pancras and Somers Town,E05000143,0,1,10,7,1,0,4,6,2,1,0,2,3,1,1,0,0,39,6.820627802690582
433,St Peter's,E05000380,0,2,8,1,1,2,3,4,1,0,2,2,1,1,0,0,2,30,7.894736842105266
434,Stanley,E05000399,0,3,7,0,1,2,1,10,0,0,0,0,1,2,2,1,4,34,6.084210526315789
435,Stockwell,E05000429,2,0,0,0,5,0,0,0,0,0,1,0,0,1,0,0,0,9,2.6129032258064515
436,Stoke Newington Central,E05000247,0,0,3,3,0,1,8,2,1,0,0,10,3,0,0,1,3,35,5.917874396135265
437,Stonebridge,E05000100,0,0,0,1,1,0,1,0,0,0,0,1,0,1,0,0,0,5,4.999999999999999
438,Stratford and New Town,E05000492,1,3,6,6,4,0,6,3,3,0,1,4,8,0,0,2,6,53,10.28937728937729
439,Streatham Hill,E05000430,0,0,1,0,1,0,1,0,0,0,0,0,0,0,0,1,0,4,4.0
440,Streatham South,E05000431,0,0,0,1,0,0,0,1,0,0,0,0,0,0,0,0,0,2,2.0
441,Streatham Wells,E05000432,1,0,0,1,1,1,1,0,1,0,0,0,0,0,0,0,0,6,5.999999999999999
442,Stroud Green,E05000279,0,0,0,0,1,0,0,2,0,0,0,1,2,0,0,0,1,7,4.454545454545455
443,Surrey Docks,E05000552,0,0,1,1,0,0,2,1,0,0,1,1,0,0,0,0,2,9,6.230769230769231
444,Swiss Cottage,E05000144,0,0,3,1,0,0,0,5,1,0,0,2,0,1,0,0,1,14,4.666666666666666
445,Sydenham,E05000452,0,0,1,1,0,0,2,1,0,0,0,0,0,0,0,0,0,5,3.571428571428571
446,Syon,E05000364,0,0,0,0,0,0,2,0,0,0,0,0,0,0,0,0,0,2,1.0
447,Tachbrook,E05000645,1,0,1,0,1,0,0,2,0,0,1,1,0,0,0,1,2,10,7.142857142857141
448,Teddington,E05000530,0,0,3,0,1,1,1,4,0,0,0,2,0,0,0,1,1,14,5.764705882352941
449,Telegraph Hill,E05000453,0,1,0,0,1,0,0,1,0,0,0,0,0,0,0,0,2,5,3.571428571428571
450,Thames,E05000039,0,1,0,1,0,0,0,0,0,0,0,0,0,0,0,0,0,2,2.0
451,Thamesfield,E05000625,0,2,5,1,3,1,7,7,4,0,2,1,0,0,1,3,2,39,8.79190751445087
452,Thamesmead Moorings,E05000228,0,0,1,0,0,0,0,0,0,0,0,0,0,0,0,0,0,1,1.0
453,The Lane,E05000553,1,1,1,3,1,0,1,5,0,0,0,3,2,1,0,0,2,21,7.736842105263159
454,The Wrythe,E05000568,0,0,0,0,0,0,0,0,0,0,0,1,0,0,0,0,0,1,1.0
455,Thornton Heath,E05000165,0,0,0,0,0,0,0,1,0,0,0,2,3,0,0,0,0,6,2.571428571428571
456,Thurlow Park,E05000434,0,0,1,1,0,0,1,1,0,0,0,1,0,0,0,0,1,6,5.999999999999999
457,Tokyngton,E05000102,0,2,1,2,1,0,5,1,0,0,0,0,1,1,0,0,1,15,5.769230769230769
458,Tollington,E05000381,0,0,3,1,0,0,4,5,0,0,0,2,1,0,0,3,1,20,6.0606060606060606
459,Tooting,E05000626,1,1,3,2,1,0,11,1,0,0,0,0,0,0,0,5,0,25,3.8343558282208585
460,Tottenham Green,E05000280,3,1,1,1,3,1,0,0,1,0,1,3,1,0,0,0,0,16,7.529411764705882
461,Tottenham Hale,E05000281,1,0,0,1,0,0,0,0,0,0,0,1,0,0,0,0,0,3,3.0
462,Totteridge,E05000059,0,1,2,0,0,0,2,2,1,0,1,1,0,0,0,1,0,11,7.117647058823529
463,Town,E05000210,0,0,0,0,0,0,2,4,0,0,0,1,0,0,0,1,0,8,2.909090909090909
464,Town,E05000264,0,2,6,3,2,0,1,9,1,1,0,2,1,2,0,1,4,35,7.515337423312886
465,Townfield,E05000339,0,0,0,1,1,0,0,0,0,0,0,0,0,0,0,1,0,3,3.0
466,Trinity,E05000471,1,1,1,1,1,0,0,2,4,0,0,0,2,0,0,2,0,15,6.818181818181818
467,Tudor,E05000415,0,0,0,0,0,0,0,1,0,0,0,0,0,0,0,0,0,1,1.0
468,Tulse Hill,E05000435,0,1,1,1,1,1,2,1,0,0,0,0,3,0,0,0,0,11,6.36842105263158
469,Turkey Street,E05000211,0,1,0,0,0,0,0,0,0,0,0,2,0,0,0,1,0,4,2.6666666666666665
470,Turnham Green,E05000365,0,1,7,2,1,2,0,3,2,0,0,1,0,1,0,0,6,26,6.1454545454545455
471,Twickenham Riverside,E05000531,0,2,3,2,0,0,4,12,1,0,0,1,0,0,1,3,1,30,4.736842105263156
472,Upper Edmonton,E05000212,0,0,0,0,0,0,1,0,0,0,0,0,0,0,0,0,0,1,1.0
473,Upper Norwood,E05000166,0,0,2,1,1,2,2,5,1,0,1,0,0,0,1,1,2,19,7.680851063829788
474,Uxbridge North,E05000340,0,0,0,1,1,0,1,7,0,0,1,2,2,0,0,1,0,16,4.129032258064516
475,Uxbridge South,E05000341,0,1,2,2,0,0,1,3,1,0,0,0,0,0,1,1,0,12,6.545454545454545
476,Valentines,E05000514,0,0,0,2,0,0,1,0,0,0,0,0,0,2,0,1,0,6,3.5999999999999996
477,Valley,E05000607,0,0,0,0,0,0,1,0,0,0,0,0,0,0,0,0,0,1,1.0
478,Vassall,E05000436,0,0,0,0,0,0,1,1,0,0,0,0,1,0,0,0,1,4,4.0
479,Victoria,E05000248,0,1,1,0,1,0,1,1,0,0,0,0,0,0,0,1,1,7,7.0
480,Village,E05000041,0,0,0,1,0,0,0,0,0,0,0,0,0,0,0,0,0,1,1.0
481,Village,E05000472,0,1,0,1,0,3,1,1,0,0,0,0,0,0,0,2,1,10,5.5555555555555545
482,Village,E05000554,0,1,1,0,0,0,1,2,0,0,0,1,1,0,0,0,1,8,6.4
483,Vincent Square,E05000646,0,0,7,0,0,1,1,5,1,1,0,2,0,0,0,1,0,19,4.349397590361446
484,Waddon,E05000167,0,1,0,4,0,0,0,0,0,0,0,0,0,0,0,1,1,7,2.578947368421052
485,Wallington North,E05000569,0,0,0,0,1,0,0,0,0,0,0,1,0,0,0,0,0,2,2.0
486,Wallington South,E05000570,0,0,0,1,1,0,1,2,0,0,0,0,0,0,0,2,1,8,5.333333333333333
487,Walpole,E05000192,0,0,1,1,0,0,2,2,1,0,0,2,0,0,2,0,0,11,6.368421052631579
488,Wandle Valley,E05000571,0,0,0,0,0,0,0,0,0,0,0,0,0,0,0,1,0,1,1.0
489,Wandsworth Common,E05000627,0,0,1,0,0,1,0,1,0,0,0,0,0,0,0,0,0,3,3.0
490,Warwick,E05000647,0,2,10,6,3,2,4,9,3,0,1,5,4,0,0,2,2,53,9.090614886731393
491,Wealdstone,E05000304,0,0,0,0,0,0,1,1,0,0,0,0,0,0,1,0,1,4,4.0
492,Weavers,E05000588,0,3,2,8,2,2,4,4,1,1,0,6,2,1,0,1,4,41,9.49717514124294
493,Wembley Central,E05000104,0,0,0,1,1,0,11,0,0,0,0,1,2,0,0,3,0,19,2.635036496350365
494,West Barnes,E05000473,0,0,0,0,0,0,0,0,0,1,0,0,0,0,0,0,0,1,1.0
495,West Drayton,E05000342,0,0,1,1,0,0,3,2,0,0,0,0,0,0,0,0,0,7,3.266666666666667
496,West End,E05000649,4,27,106,22,26,34,31,106,61,15,13,32,18,21,17,7,39,579,9.786058323846223
497,West Finchley,E05000061,0,1,0,3,0,1,4,5,1,0,0,4,1,0,0,3,1,24,7.199999999999999
498,West Green,E05000282,0,0,0,0,1,0,0,1,0,0,0,0,0,0,0,0,0,2,2.0
499,West Ham,E05000494,0,0,0,0,0,0,0,0,1,0,0,1,0,0,0,0,0,2,2.0
500,West Hampstead,E05000145,1,0,3,7,3,1,1,9,4,0,0,5,2,2,2,2,2,44,9.132075471698116
501,West Hendon,E05000062,0,0,0,2,1,0,2,1,2,0,0,3,0,0,0,2,0,13,6.259259259259258
502,West Hill,E05000628,0,0,0,1,0,0,0,0,0,0,0,0,0,0,0,0,0,1,1.0
503,West Putney,E05000629,0,0,1,0,0,0,1,2,0,0,0,0,0,0,0,0,1,5,3.571428571428571
504,West Ruislip,E05000343,0,0,6,1,1,1,0,3,1,0,0,0,0,0,1,1,0,15,4.411764705882352
505,West Thornton,E05000168,0,0,0,2,0,0,2,1,0,0,0,1,0,0,0,2,0,8,4.571428571428571
506,West Twickenham,E05000532,0,1,1,0,0,0,1,0,0,0,0,0,0,0,0,0,0,3,3.0
507,West Wickham,E05000127,0,0,0,1,0,0,0,2,0,0,0,1,0,0,0,1,0,5,3.571428571428571
508,Westbourne,E05000648,1,0,1,1,0,0,0,0,0,0,0,1,0,0,0,0,0,4,4.0
509,Whalebone,E05000042,0,0,0,0,0,0,1,0,0,0,0,1,1,0,0,1,0,4,4.0
510,Whitechapel,E05000589,0,0,4,0,1,0,7,2,1,2,0,4,0,2,0,8,3,34,6.8809523809523805
511,Whitton,E05000533,0,0,0,0,0,0,2,1,1,0,0,0,0,0,0,0,0,4,2.6666666666666665
512,Wick,E05000249,0,0,3,0,0,0,2,3,0,0,0,0,0,0,0,0,0,8,2.909090909090909
513,Willesden Green,E05000105,0,0,0,0,2,0,3,0,2,0,0,1,0,0,0,0,1,9,4.2631578947368425
514,William Morris,E05000608,0,0,0,1,0,0,0,0,0,0,0,3,0,0,0,0,0,4,1.6
515,Wimbledon Park,E05000474,0,0,0,3,1,0,2,1,1,0,0,1,2,0,0,2,1,14,7.538461538461538
516,Winchmore Hill,E05000213,0,0,0,0,0,0,1,1,0,0,0,3,0,0,0,1,2,8,4.0
517,Wood Street,E05000609,0,0,0,0,0,0,0,2,0,0,0,0,1,1,0,1,0,5,3.571428571428571
518,Woodhouse,E05000063,1,1,1,3,1,0,0,1,2,0,0,2,1,0,0,1,1,15,8.999999999999998
519,Woodside,E05000169,1,0,0,2,0,0,0,0,0,0,0,0,0,0,0,1,0,4,2.6666666666666665
520,Woodside,E05000284,0,0,0,0,0,0,0,0,0,0,0,2,1,0,0,1,0,4,2.6666666666666665
521,Woolwich Common,E05000229,1,0,0,2,0,0,1,0,0,0,0,0,0,0,1,1,2,8,5.333333333333333
522,Woolwich Riverside,E05000230,1,0,1,2,0,0,0,1,0,0,0,0,0,0,0,0,0,5,3.571428571428571
523,Wormholt and White City,E05000265,1,0,0,0,0,0,0,1,0,0,0,0,0,0,0,0,0,2,2.0
524,Yeading,E05000344,0,0,1,0,0,0,0,0,0,0,0,0,0,0,0,0,0,1,1.0
525,Yiewsley,E05000345,0,0,1,0,0,0,1,0,0,0,0,0,0,0,0,0,0,2,2.0
