WD11CD,WD11NM,eth_div_score,pct_wk_age,pct_not_born_uk,pct_esl_household,emp_rate,new_migrant_workers_rate,med_house_income,avg_gcse,pct_level4
E09000001,City Of London,2.69,76.88678629,36.7,11.9,79.63286713,138.8888889,63620,354.5,68.4
E05000026,Abbey,8.36,69.01418007,57.3,25.7,60.34807671,108.6956522,33920,317.6577586,34.5
E05000027,Alibon,2.46,64.27694342,24.7,7.9,63.10738766,31.14754098,32470,307.4457317,16.7
E05000028,Becontree,3.47,65.91267339,30.1,10.5,61.19244078,38.55421687,33000,295.4513812,20.6
E05000029,Chadwell Heath,3.08,61.5,24.8,6.5,63.63939343,26.27118644,33920,293.4378378,19.5
E05000030,Eastbrook,2.03,65.66679049,19,4.5,68.22166097,18.43971631,37400,305.9482759,18.5
E05000031,Eastbury,3.74,65.17099403,32.2,11.9,61.5405442,48.92086331,32870,315.6670659,20
E05000032,Gascoigne,6.10,62.60018933,48.2,18.7,56.36737844,69.56521739,29480,300.6715328,25.2
E05000033,Goresbrook,2.72,63.20606695,26.8,7.7,63.60582307,27.39726027,33250,302.2272727,18.8
E05000034,Heath,2.50,62.29037754,24.1,6.2,61.42509875,30,31340,297.3286885,17.6
E05000035,Longbridge,5.44,66.04201681,33.3,11.9,65.20986009,39.84962406,40570,337.7835227,25
E05000036,Mayesbrook,2.57,62.07977208,25,8.2,61.89512992,33.60655738,31530,305.4440299,16.2
E05000037,Parsloes,2.48,63.68426285,23.3,6.6,61.45478162,31.85840708,31860,312.2058394,16
E05000038,River,3.20,63.60447637,30.9,9.6,64.19753086,31.72413793,33490,300.1892857,19.5
E05000039,Thames,4.46,62.54744833,37.2,11.2,60.5309997,38.21138211,32580,306.9984733,24.4
E05000040,Valence,2.54,63.19078305,23.3,7.1,63.09872923,31.25,33200,302.9649254,17.8
E05000041,Village,2.65,64.12649511,26,7.5,61.7107943,27.13178295,31960,301.5692308,17.9
E05000042,Whalebone,3.80,64.51150712,29.2,8.4,67.47040772,32.84671533,37180,310.8455285,22.4
E05000043,Brunswick Park,3.63,64.66259768,30.9,10.2,71.38967136,15.04854369,39800,339.3390558,34.4
E05000044,Burnt Oak,6.73,66.54104706,47.1,19.3,63.66879615,52.21238938,29400,313.5469751,24.7
E05000045,Childs Hill,5.08,67.89238945,51.2,23,67.90429645,83.67346939,38960,335.65,43.7
E05000046,Colindale,8.17,69.69036525,52.7,23.2,61.91720766,55.28455285,30170,307.730814,30.8
E05000047,Coppetts,4.08,69.40348154,36.1,13.6,71.4699793,28.57142857,38090,343.4721212,40.6
E05000048,East Barnet,2.51,64.61412631,23.4,7.2,71.53933434,11.87214612,39870,337.4255556,36.5
E05000049,East Finchley,3.26,67.12125704,34.4,10.4,74.85997613,29.66507177,41160,350.0976378,49.6
E05000050,Edgware,3.79,61.5782004,37.4,12.1,68.96912114,35.07109005,38410,326.7208333,36
E05000051,Finchley Church End,3.68,64.34270064,40.9,14.5,72.56828454,49.48979592,45030,360.7409091,48.6
E05000052,Garden Suburb,2.70,61.9348365,36,10.9,73.05062915,35.60209424,53090,368.5094118,57.3
E05000053,Golders Green,4.07,64.29201411,45.8,17.5,66.69287212,66.05504587,40800,342.0639706,37.4
E05000054,Hale,4.14,63.1227051,35.7,11.7,70.67533406,35.09615385,38590,325.5957143,36.5
E05000055,Hendon,4.49,66.4661966,48.2,20.3,66.73833413,77.83018868,38530,352.6848684,41.3
E05000056,High Barnet,2.06,64.31156087,22.1,6.3,74.54545455,13.10679612,43940,353.3846715,44.3
E05000057,Mill Hill,3.71,64.10923277,34.4,10.2,70.47127507,24.88888889,41920,352.8417722,41.6
E05000058,Oakleigh,2.91,63.41771391,28.5,8.6,73.43535413,15.23809524,41670,346.8614865,40.7
E05000059,Totteridge,3.60,62.70865396,37.6,13.7,71.6048092,24.1025641,46150,368.8777328,47
E05000060,Underhill,2.57,63.69051061,25.4,6.9,68.3368128,10.13824885,37040,320.3023188,31.8
E05000061,West Finchley,4.60,68.24007323,44.7,19,74.23456149,40.38461538,42050,368.8980392,49.5
E05000062,West Hendon,6.47,68.22177147,53.6,24.7,67.23173278,80.78817734,35090,340.3444444,34.4
E05000063,Woodhouse,4.37,67.64532863,41,16.2,72.01210287,28.5106383,38220,356.6886076,41.3
E05000064,Barnehurst,1.33,62.04978314,8,1.3,75.78722103,5.925925926,38200,326.2982456,20.1
E05000065,Belvedere,2.23,63.9081386,20.4,5.1,70.42600026,18.54304636,33510,306.1392638,21.9
E05000066,Blackfen and Lamorbey,1.26,62.59570495,7.1,1.2,77.270003,2.857142857,40780,332.8385185,19.3
E05000067,Blendon and Penhill,1.32,62.57155838,7.8,1.7,78.18315018,3.03030303,40340,340.1451852,19.6
E05000068,Brampton,1.43,60.10939268,10.4,1.6,76.63393679,4.580152672,40790,325.3616822,20.7
E05000069,Christchurch,1.49,63.33392008,11.5,2.3,77.02683312,7.194244604,40190,342.8740157,24.9
E05000070,Colyers,1.59,62.73700843,12.3,2,70.24687855,9.219858156,34450,298.2969231,18.1
E05000071,Crayford,1.40,64.57583117,10,1.9,73.16936836,6.015037594,34900,301.3769784,18.6
E05000072,Cray Meadows,1.40,61.45236626,9.9,2.3,71.38532507,3.571428571,35530,324.9230216,22.2
E05000073,Danson Park,1.58,63.75625284,13.2,3.1,74.97844208,4.929577465,38580,337.0016667,21.6
E05000074,East Wickham,1.60,62.44545455,13.4,3.2,73.4550767,14.61538462,36260,331.8702899,18.8
E05000075,Erith,2.44,63.26115845,23.1,5.6,67.61684643,24.46043165,33160,312.2408,22.6
E05000076,Falconwood and Welling,1.55,65.15054452,12.4,2.6,76.20807277,9.655172414,39000,335.6210526,19.6
E05000077,Lesnes Abbey,2.34,63.29434358,23.3,5,69.69612876,19.44444444,35630,303.0125926,22.5
E05000078,Longlands,1.36,62.41148145,9.9,2.1,75.38604077,5.511811024,40880,348.6740385,27.1
E05000079,North End,2.03,62.68857986,18.8,3.3,63.31491713,15,29930,285.7090909,19.5
E05000080,Northumberland Heath,1.48,63.61256545,9.8,1.9,73.63476218,5,37130,324.7898649,17.8
E05000081,St Mary's,1.28,59.89765943,8.1,1.1,77.32330356,3.937007874,44010,358.7084034,27
E05000082,St Michael's,1.59,64.02704867,11.6,2.4,75.89923023,6.382978723,38510,327.2227848,19.1
E05000083,Sidcup,1.38,64.23955584,10.6,2.2,74.03680276,7.518796992,41220,347.6792453,27.2
E05000084,Thamesmead East,3.44,64.75848303,38.1,7.6,62.59551547,42.95774648,32100,304.610828,28.2
E05000085,Alperton,4.38,70.13122674,66.8,32.3,67.36159601,89.08045977,31250,318.5683871,26.2
E05000086,Barnhill,8.92,66.73229558,56.5,22.9,64.1759909,73.22404372,34630,321.5930636,34.7
E05000087,Brondesbury Park,6.06,69.59337349,47.2,16.2,71.79431781,88.57142857,40020,354.5699346,45
E05000088,Dollis Hill,10.44,63.71759191,54.5,22,61.5294531,58.64197531,30990,298.0899441,25.1
E05000089,Dudden Hill,8.88,68.13423841,56.2,23.8,65.90023753,96.85863874,33470,311.5085938,31.7
E05000090,Fryent,8.21,66.83633793,55.9,21.9,66.47877984,69.07894737,35590,326.9644295,29
E05000091,Harlesden,8.85,63.76670856,52.9,23,59.32382462,92.15686275,27030,304.8822115,21.4
E05000092,Kensal Green,7.59,68.70477329,50.2,21.9,68.75527624,116.1290323,34640,307.5737705,33.8
E05000093,Kenton,3.97,65.03067485,53.9,19.6,70.26925954,37.03703704,42190,357.2243697,39.8
E05000094,Kilburn,7.04,71.11642199,48.1,18.4,68.8879903,74.87437186,34270,319.2414286,39.9
E05000095,Mapesbury,6.57,73.36460288,52.3,21.3,70.61930318,122.5961538,36830,314.080402,43.7
E05000096,Northwick Park,6.42,70.31531532,53.3,19.8,67.39759573,43.31550802,41100,345.7333333,40.3
E05000097,Preston,7.39,66.21982211,57.3,22.8,67.03889103,76,35960,339.0653846,35.4
E05000098,Queens Park,4.64,69.55117856,41.9,14.4,75.82054941,66.12903226,42880,345.8075,48.2
E05000099,Queensbury,5.54,67.83716224,57.7,24.1,67.67027185,52.79187817,35110,331.9812903,30.8
E05000100,Stonebridge,8.58,64.37297574,48.8,17.2,54.249836,33.75,25800,298.5968254,20.5
E05000101,Sudbury,6.30,67.76221029,62.2,28.4,67.39595488,83.63636364,33530,331.1682119,32.3
E05000102,Tokyngton,7.31,70.26541186,62.9,26.6,67.45762712,110.6741573,33130,310.8121622,31.9
E05000103,Welsh Harp,8.97,66.41401502,55,22.9,64.85405405,65.24390244,31620,315.7455782,24.7
E05000104,Wembley Central,4.00,70.28918199,68.5,32.9,65.6267672,119.4285714,31040,305.7202899,29
E05000105,Willesden Green,8.26,72.66466316,56.3,25.9,68.62899693,116.9811321,31390,296.6677419,33.3
E05000106,Bickley,1.63,60.2682042,15.7,2.7,76.03126357,6.914893617,47190,359.2688889,40.7
E05000107,Biggin Hill,1.15,62.40491516,5.1,0.5,79.16860555,0.724637681,40930,311.6208,23
E05000108,Bromley Common and Keston,1.51,62.15019374,12.1,1.9,73.15528344,4.568527919,40510,341.6916667,28.3
E05000109,Bromley Town,1.94,65.67541407,19.9,4.9,78.64648264,16.22807018,43460,339.7354086,41
E05000110,Chelsfield and Pratts Bottom,1.33,60.65828602,9.7,1.3,77.29141207,3.03030303,44850,363.7434783,33.2
E05000111,Chislehurst,1.48,59.84789392,12.7,1.9,75.06690455,4.712041885,46250,343.3982906,38
E05000112,Clock House,1.98,66.02396106,17.3,3.9,77.74658432,10.82251082,41650,338.1915493,38.3
E05000113,Copers Cope,1.88,67.58910643,20.3,4.6,79.51930215,12.01716738,43170,335.5402778,45
E05000114,Cray Valley East,1.59,60.26540284,12.3,2.5,69.29998954,9.756097561,32230,296.9125,19.6
E05000115,Cray Valley West,1.53,61.19603267,10.9,2.5,67.41387676,4.433497537,31740,302.9659794,18.7
E05000116,Crystal Palace,3.63,71.07839359,30.3,8.3,69.48792487,31.54761905,34060,286.6927711,38.1
E05000117,Darwin,1.18,57.44400527,6.1,0.4,75.03272251,2.985074627,42810,337.3666667,26.9
E05000118,Farnborough and Crofton,1.32,58.5234538,10,1.4,75.06438773,3.191489362,44590,355.2761905,31
E05000119,Hayes and Coney Hall,1.33,61.99901647,8.7,1,76.2816616,4.188481675,45660,348.7661538,31.8
E05000120,Kelsey and Eden Park,1.66,62.95726075,13.6,2.5,75.5079349,7.804878049,44700,355.1067416,33.8
E05000121,Mottingham and Chislehurst North,1.77,62.48298658,15.1,3.6,67.93195779,9.62962963,32330,296.0565217,22.1
E05000122,Orpington,1.48,59.50360493,11.9,2.3,72.75911131,7.142857143,38090,328.558,27.1
E05000123,Penge and Cator,3.06,67.60995758,25.8,6.4,70.3611457,19.34156379,36090,323.3430303,36.5
E05000124,Petts Wood and Knoll,1.35,59.01381235,10.6,1.8,75.43394407,5.357142857,48530,357.2307692,36
E05000125,Plaistow and Sundridge,1.88,63.85341121,16.9,3.9,73.47659403,9.223300971,39460,327.0585714,34.1
E05000126,Shortlands,1.65,60.67548884,16,3.6,76.2980056,7.751937984,48020,381.0427273,43.3
E05000127,West Wickham,1.42,61.9598056,9.7,1.3,76.82994557,6.818181818,46210,369.8398936,32.5
E05000128,Belsize,3.74,69.03981265,46.3,14,74.42535148,55.93220339,52680,327.5957143,62.2
E05000129,Bloomsbury,4.94,83.92123288,51.2,19.5,51.40735816,70.58823529,40340,342.8888889,46.5
E05000130,Camden Town with Primrose Hill,3.37,72.93238814,38.8,12.1,69.38223521,56.28415301,45840,337.6598291,53.9
E05000131,Cantelowes,3.67,75.61973526,35.9,12.6,64.30655296,57.66871166,39060,317.0329268,48.1
E05000132,Fortune Green,3.85,74.21991085,43.4,16.1,74.62956679,58.78787879,46800,326.1701923,57.8
E05000133,Frognal and Fitzjohns,3.54,69.41445862,48.5,14.6,69.7634514,70.28571429,60310,357.2347826,61.4
E05000134,Gospel Oak,3.48,68.97302002,34.9,10.4,65.49928395,33.11258278,39990,323.3616438,45.6
E05000135,Hampstead Town,2.86,66.2536251,40.9,10.4,76.57477693,32.0754717,62840,384.3461538,68.3
E05000136,Haverstock,4.14,69.92930086,36.3,10.7,62.94871795,43.82716049,35730,297.2104712,43.1
E05000137,Highgate,2.48,67.26099812,27.1,5.5,70.37895311,16.21621622,47840,316.031746,55.8
E05000138,Holborn and Covent Garden,4.79,77.07633922,45.6,16.3,61.92923503,52.26130653,40180,339.00625,46.2
E05000139,Kentish Town,3.24,75.01081159,34.2,10.4,71.26011792,36.64921466,41230,305.156701,54.6
E05000140,Kilburn,5.56,70.73999191,47.9,18.7,66.77126918,60.11560694,34730,313.9913333,43.8
E05000141,King's Cross,6.25,79.67927238,50.9,22.4,46.11320755,75.2688172,32890,322.0491935,39.7
E05000142,Regent's Park,5.31,76.02884158,45.2,15.6,54.35408599,76.78571429,34260,319.7840237,36.1
E05000143,St Pancras and Somers Town,5.68,74.01531053,42.4,17.9,52.98576257,65.2173913,30500,313.5797297,29.5
E05000144,Swiss Cottage,4.25,71.3419257,51.2,17.8,72.30603448,59.89010989,50340,305.1346535,60.4
E05000145,West Hampstead,3.95,77.64321568,43.3,13.9,76.16199769,55.05617978,46290,328.3084211,60.6
E05000146,Addiscombe,4.29,70.25519689,34.5,10.2,74.11453161,39.43089431,38070,318.2655629,38
E05000147,Ashburton,2.94,65.92847227,22.3,4.8,71.72118299,11.73184358,38600,320.0701657,27.3
E05000148,Bensham Manor,8.49,65.558639,45.3,12.9,67.46899403,44.10480349,33530,311.7073892,29.4
E05000149,Broad Green,8.21,66.14448214,46.2,16.9,64.62324393,50.86206897,31000,309.4956863,26.9
E05000150,Coulsdon East,1.57,59.8770298,11.8,1.5,73.88518024,4.195804196,42660,335.0186047,30.3
E05000151,Coulsdon West,2.03,65.2112477,16.9,2.4,75.54660529,7.386363636,46610,352.3064103,34.9
E05000152,Croham,2.72,67.27900382,24.3,6.5,76.4695194,18.09954751,42260,341.1949153,42.1
E05000153,Fairfield,4.86,70.50739958,42.3,13.7,73.12222602,42.33870968,39130,317.3410256,45.9
E05000154,Fieldway,2.49,60.22411324,19.3,4.1,58.49140486,9.230769231,26720,275.95,12.5
E05000155,Heathfield,2.00,63.67244928,16.9,2.8,74.30466659,6.470588235,39770,309.4560811,29.3
E05000156,Kenley,1.99,63.31137686,17.9,3,75.00519642,6.666666667,44160,330.1275168,36.1
E05000157,New Addington,1.85,62.32244318,13.9,3,64.37179873,8.8,28770,289.8164634,12.8
E05000158,Norbury,8.14,65.78378062,43.6,13,69.46141033,51.30890052,36810,326.75125,34.1
E05000159,Purley,2.60,64.62991519,23.1,5,74.07484842,11.95652174,44600,345.9036232,40.5
E05000160,Sanderstead,1.70,62.17180149,13.7,1.7,74.85793661,3.333333333,47030,346.8307692,35
E05000161,Selhurst,7.60,64.56391747,40.1,11.5,64.74873748,38.88888889,31220,316.709,28.4
E05000162,Selsdon and Ballards,1.75,63.84861145,15.7,2.2,76.42116319,7.534246575,45320,339.6961538,32
E05000163,Shirley,2.39,61.89697465,19.7,3.9,72.26872001,9.659090909,39500,319.2423729,27.1
E05000164,South Norwood,5.15,67.58115059,32.1,8.2,68.67575891,29.10798122,34430,318.8761538,35
E05000165,Thornton Heath,6.88,65.11600379,37.6,9.4,66.77374943,39.90147783,33720,297.8066351,28.3
E05000166,Upper Norwood,5.62,67.35872901,33.9,9,69.66703256,32.48730964,37430,318.4347826,35.2
E05000167,Waddon,4.16,66.11340849,30.1,8.9,69.93940458,30.65326633,34630,304.6142857,30.1
E05000168,West Thornton,8.89,64.80853665,46.5,15.1,64.58005937,45.64315353,32400,317.692887,27.3
E05000169,Woodside,5.15,66.60629783,28.4,6.3,68.9560924,15.78947368,33890,299.3424581,29
E05000170,Acton Central,5.47,69.85479798,48.3,21,69.37728938,62.74509804,36500,335.7136691,40.4
E05000171,Cleveland,4.41,65.68019415,39.6,15.1,68.58178054,26.60098522,41730,338.8765101,46.2
E05000172,Dormers Wells,6.26,65.32229534,56,29.1,60.98889131,54.74860335,29350,308.4539877,24.4
E05000173,Ealing Broadway,3.88,73.34617855,44.3,18.6,75.09938912,49.76744186,45540,349.3357798,57.7
E05000174,Ealing Common,3.99,72.2788996,43.1,15.4,74.60933709,50.98039216,43600,338.9455224,52.6
E05000175,East Acton,7.15,71.64661882,54.4,22.4,68.30508475,93.11740891,32930,305.9163265,38.3
E05000176,Elthorne,4.48,68.54304636,40.6,16.9,73.08516858,40.625,38970,313.4022901,40.6
E05000177,Greenford Broadway,7.59,63.72908097,48.6,22.2,66.40110842,45.67307692,30500,315.4,25.8
E05000178,Greenford Green,6.74,66.21593653,50.1,21.9,72.64522822,57.22891566,35420,324.8804196,30.2
E05000179,Hanger Hill,5.64,66.9399428,53.1,23.8,71.91942013,52.79187817,44760,330.2333333,50.8
E05000180,Hobbayne,4.97,65.36929635,40.7,17.2,70.59073523,29.21348315,36220,327.9706806,33.3
E05000181,Lady Margaret,4.80,68.13694154,55.9,25.2,66.57605855,60,32520,337.0518919,25.4
E05000182,Northfield,3.07,68.72990354,36.2,11.1,78.61436254,35.91160221,48480,379.539759,54.8
E05000183,North Greenford,7.19,66.56363392,51.4,22.1,72.27584834,60.4519774,36480,323.1869822,30.1
E05000184,Northolt Mandeville,6.11,64.47866371,44.1,19.5,67.26690676,39.53488372,31950,302.8310345,25.7
E05000185,Northolt West End,6.27,63.77859585,41.5,18.6,61.91985279,31.70731707,28550,319.8985075,21.7
E05000186,Norwood Green,6.28,67.85990576,50.7,25.6,57.25990458,51.17647059,29020,309.1493976,26.7
E05000187,Perivale,7.25,66.83911019,55.4,26.7,71.37855994,64.21052632,36040,339.7912752,30.8
E05000188,South Acton,5.93,68.58095591,50.5,23.4,68.13316311,65.19607843,34300,320.6519231,39.4
E05000189,Southall Broadway,3.60,67.29890028,64.1,36,59.0508327,132.0224719,27930,315.5,21.9
E05000190,Southall Green,3.79,67.27595503,63.3,36.7,59.65050844,123.4285714,27150,305.7556075,21.6
E05000191,Southfield,2.77,69.89619377,36.2,10.7,77.58497499,31.77083333,50170,350.5364583,57.8
E05000192,Walpole,3.41,69.41733215,38,14.1,77.27177335,40.64171123,46240,371.26,53.7
E05000193,Bowes,5.26,70.44487162,47.5,23.3,71.89194518,64.64088398,36300,329.8356643,36.3
E05000194,Bush Hill Park,3.13,63.9672108,25.7,7.7,73.02062542,12.29946524,41800,353.3716418,32.6
E05000195,Chase,2.37,63.76231967,21,7,69.5397772,10.38251366,36350,317.0176101,28.1
E05000196,Cockfosters,3.16,64.53121678,30.5,9.5,66.94346491,17.14285714,43570,339.7052239,35
E05000197,Edmonton Green,7.50,64.18756816,46.8,21.4,53.80506174,54.43037975,26010,293.6270073,19.5
E05000198,Enfield Highway,4.90,64.23764072,34.3,14.5,60.13380559,19.79695431,29450,311.2858974,18.6
E05000199,Enfield Lock,4.91,65.35794052,33.8,14,62.00338919,22.91666667,30240,303.4353659,23.5
E05000200,Grange,2.45,63.10417292,22.1,6.4,74.84214436,12.26993865,45960,364.4894737,39.1
E05000201,Haselbury,7.30,65.33987641,46,22.1,59.257864,39.80099502,29600,307.4738197,21.4
E05000202,Highlands,2.34,64.32947081,20.9,5.4,72.90053603,11.60220994,43540,346.9764286,35.1
E05000203,Jubilee,6.47,64.07959519,40.8,16.9,62.24534027,29.8245614,30800,310.3554404,20.9
E05000204,Lower Edmonton,7.60,61.81208456,46.1,19.5,57.87311294,41.83673469,28110,303.9780822,20
E05000205,Palmers Green,4.87,67.24974464,41.4,18.1,70.22744946,34.69387755,37970,336.5110236,33.5
E05000206,Ponders End,6.90,65.17961963,43.5,19,57.97642436,25.96153846,28560,313.5278027,21
E05000207,Southbury,3.98,65.10210914,30.2,12,65.0499737,16.39344262,33260,327.2457447,25.4
E05000208,Southgate,3.87,66.89189189,33.2,11.7,71.0776218,26.13636364,41520,360.5901408,41.2
E05000209,Southgate Green,4.32,66.40934696,36.2,14,70.39860597,34.80662983,42750,348.4811966,40
E05000210,Town,2.06,64.22866196,17.1,4.4,75.91157938,8.376963351,42300,327.94375,33
E05000211,Turkey Street,4.11,63.74642906,31,14.1,60.85755332,17.14285714,28960,306.4853081,17.9
E05000212,Upper Edmonton,7.68,64.95317042,48.4,22.7,58.44995571,40.75829384,28480,290.8079295,21.5
E05000213,Winchmore Hill,3.00,66.02133255,27,8.1,75.10345599,18.2320442,45880,350.9736,42.9
E05000214,Abbey Wood,3.50,63.40030912,32,7.6,63.56534802,35.86956522,31540,301.1487805,24.2
E05000215,Blackheath Westcombe,2.00,67.59322034,23,5.2,75.45783405,21.14285714,49160,327.412766,57.5
E05000216,Charlton,3.30,66.18582074,31,9.4,67.7386106,49.70760234,37940,316.1527778,37.2
E05000217,Coldharbour and New Eltham,1.80,64.53869048,15.6,3.6,70.68945058,10.82802548,38390,319.4644295,23.4
E05000218,Eltham North,1.52,63.88177798,13.9,3.4,75.09252406,9.146341463,43120,339.044186,31.8
E05000219,Eltham South,1.76,68.52318741,17.5,4.6,64.88925349,20.85889571,37120,352.4731092,25.1
E05000220,Eltham West,2.22,66.90699351,21.3,6.4,64.00351185,13.33333333,34250,310.888961,21.2
E05000221,Glyndon,5.21,68.82534191,42.2,13.8,62.52257913,62.60869565,31690,317.4898477,28.6
E05000222,Greenwich West,3.43,73.33839315,34.8,9.7,68.57119767,46.38297872,42270,310.8977064,49.9
E05000223,Kidbrooke with Hornfair,2.98,67.73797339,27.3,7.6,67.33051285,29.60893855,35740,313.148366,30.8
E05000224,Middle Park and Sutcliffe,2.29,63.50039548,22.3,5.6,65.56083981,20.38216561,35340,329.26,29.6
E05000225,Peninsula,3.17,74.82754398,33,10.4,74.21718854,42.78846154,41840,302.8371134,49.5
E05000226,Plumstead,5.16,67.62792333,41.7,14.6,63.94450299,84.06593407,32390,305.5567839,25.2
E05000227,Shooters Hill,2.79,66.0112155,23.8,5.2,69.52550679,17.97752809,39030,320.0586957,31.3
E05000228,Thamesmead Moorings,4.02,65.76673866,41.8,12.1,62.93169025,48.05194805,34450,311.460793,32.4
E05000229,Woolwich Common,5.11,67.04516393,41.8,13.6,60.46412785,66.99507389,30260,313.0375,26.7
E05000230,Woolwich Riverside,4.64,69.68078176,39.4,13.3,64.72561885,54.77178423,33540,309.0051724,35.2
E05000231,Brownswood,4.86,80.49808141,42.7,18.6,71.97727273,53.60824742,40070,295.0340909,51.7
E05000232,Cazenove,5.23,64.42105263,36.4,16.4,64.80144404,39.59731544,38130,320.3638298,35.6
E05000233,Chatham,6.57,71.97214445,41.3,14.4,63.00467488,47.09302326,32510,326.3227273,37.6
E05000234,Clissold,3.88,73.37913607,32,10.6,73.29458215,26.74418605,45450,345.5694444,53.5
E05000235,Dalston,5.41,77.10465189,40.8,14,70.39670002,47.12041885,38230,332.2970803,48.6
E05000236,De Beauvoir,4.54,77.13007435,37.8,11.7,71.07044133,45.94594595,39060,314.8584158,49.8
E05000237,Hackney Central,6.18,74.74962064,40.5,12.8,66.56710049,38.50574713,35260,327.9693069,42
E05000238,Hackney Downs,6.37,72.99880526,39.5,15.5,65.09532789,38.55421687,35700,318.0313433,42.2
E05000239,Haggerston,5.78,79.67868852,45.9,17.4,67.42542451,87.43455497,36080,295.3051402,45.8
E05000240,Hoxton,5.74,78.76410005,44.8,16.6,62.70197107,65.59633028,34970,322.5357798,41.7
E05000241,King's Park,7.27,66.44657863,43.3,13.4,57.55733628,41.89189189,31970,320.5472603,30.6
E05000242,Leabridge,6.86,72.58197284,40.7,17.3,65.58351496,45.05494505,35110,338.5455285,41.5
E05000243,Lordship,3.47,63.18321634,31.4,13.1,64.63042926,29.13907285,39940,335.9011905,40.4
E05000244,New River,4.87,63.24898297,40.2,19.4,58.16377795,68.62745098,35590,320.4537634,26.6
E05000245,Queensbridge,5.21,75.23526156,38.3,11.8,67.69170116,41.61849711,36720,294.4322034,44.6
E05000246,Springfield,5.37,59.82952768,39.4,18.2,53.82749326,43.97163121,33570,331.8378947,21.9
E05000247,Stoke Newington Central,4.65,76.19011115,36.6,13,73.38760175,38.85714286,42400,327.7178947,52.4
E05000248,Victoria,4.85,72.40727273,34,10.4,65.61351947,36.57142857,37350,320.5949153,41.8
E05000249,Wick,5.61,71.43900065,35.1,10.9,60.41259766,35.58282209,32890,310.6221374,34.4
E05000250,Addison,3.74,76.02404465,44.1,15.8,76.24805858,68.30601093,43970,330.5236364,57.4
E05000251,Askew,4.61,73.82968302,42.5,14.8,71.8149265,48.18181818,38450,312.8184049,45.1
E05000252,Avonmore and Brook Green,4.73,76.75059009,52.2,20.4,69.51877314,66.14583333,43350,343.1041667,54.5
E05000253,College Park and Old Oak,6.62,72.29073244,45.7,19.5,62.57678133,62.96296296,30890,317.3738318,31.9
E05000254,Fulham Broadway,3.81,75.56286803,43.9,15.6,72.39732569,56.7251462,42130,294.339,47.7
E05000255,Fulham Reach,3.87,78.42805116,43.6,14,70.96738034,85.29411765,42010,343.0671642,51.6
E05000256,Hammersmith Broadway,4.13,73.36593317,40.5,13.4,69.90015884,68.47826087,39500,325.3680851,45.3
E05000257,Munster,2.81,74.03854774,38.3,10.7,76.68209327,60.36585366,50240,279.8714286,56.9
E05000258,North End,4.42,80.45576832,47.9,19.4,72.67193507,79.78723404,39510,300.0387387,52.6
E05000259,Palace Riverside,2.32,66.4386265,34.1,8.2,74.25149701,48.14814815,53330,309.3261905,56.2
E05000260,Parsons Green and Walham,2.65,69.5676173,38.2,10.8,73.67878319,46.40522876,55720,321.262963,56.4
E05000261,Ravenscourt Park,3.09,70.12550018,37.3,11.6,72.23455661,26.81564246,45510,339.5204301,55.1
E05000262,Sands End,3.56,72.57957315,39,11.8,69.28882747,44.71153846,44170,321.3060606,47.6
E05000263,Shepherd's Bush Green,5.29,75.84798027,47.2,16.4,71.95638365,85.14285714,36430,331.8721154,46.5
E05000264,Town,3.12,74.29400897,40.5,11.9,76.36022514,57.48502994,47940,333.8576923,57.9
E05000265,Wormholt and White City,6.60,69.10781749,45,14.3,62.23630998,60.10928962,31860,308.505036,32
E05000266,Alexandra,2.56,68.3538002,26.8,8.5,76.65345554,22,51450,382.0150943,58.5
E05000267,Bounds Green,5.54,72.94166609,48.5,21.5,68.95784898,60.77348066,34550,335.0286822,37.3
E05000268,Bruce Grove,7.28,69.92416179,55.5,23.5,61.82108626,105.1428571,30340,298.7234899,27.6
E05000269,Crouch End,2.45,73.63316386,29.2,7.6,80.8604227,22.2826087,52070,366.2734694,67
E05000270,Fortis Green,2.53,69.09062956,27.5,8.3,75.93096111,25.45454545,49950,375.2162362,58.4
E05000271,Harringay,4.85,77.25690745,49.2,24.3,71.79984484,132.9787234,37150,302.7841463,46.6
E05000272,Highgate,2.53,73.2898754,31.5,8.2,78.97278831,26.28205128,53710,315.8032787,65.7
E05000273,Hornsey,3.59,73.18674607,32.2,10.5,72.40270183,23.86363636,40260,329.3927273,51.5
E05000274,Muswell Hill,2.23,69.54126783,26.1,7,78.41631356,16.66666667,53910,374.5246753,62.8
E05000275,Noel Park,6.33,73.99564211,51.7,25.4,63.20063379,100.5464481,30620,302.0908397,33.8
E05000276,Northumberland Park,6.89,67.14568227,53.5,25.5,52.33784216,64.28571429,25090,292.7917526,20.2
E05000277,St Ann's,6.26,74.45884761,54.7,25.9,65.61625956,133.1606218,32460,304.7010101,35.2
E05000278,Seven Sisters,5.47,67.14380225,49.1,22.5,63.65458015,107.7777778,33500,319.5840491,29
E05000279,Stroud Green,3.14,76.75635888,31.3,9,77.26015271,25.71428571,44780,334.9641975,60.5
E05000280,Tottenham Green,6.95,71.18814368,55,25.8,61.28939277,103.4146341,28920,292.4014286,29.2
E05000281,Tottenham Hale,7.48,70.15933495,53.5,22.3,56.30203291,69.30232558,27340,300.8793103,23.1
E05000282,West Green,6.45,71.88792243,54.6,25.9,63.30866808,90.53254438,31110,309.4290323,30.6
E05000283,White Hart Lane,7.07,67.88221808,44.6,19.2,54.82598608,46.15384615,27010,314.785446,20.7
E05000284,Woodside,6.08,72.87970365,54.2,25.6,66.61585366,85.71428571,32010,300.5747899,32.9
E05000285,Belmont,4.43,64.83629801,41.6,13.2,71.78284182,25.98425197,42380,356.1208,36.4
E05000286,Canons,4.26,61.9354361,40.1,12.5,71.94932782,29.65517241,39890,340.9206522,40.8
E05000287,Edgware,6.01,66.51975052,56.5,24.8,68.5678392,72.84768212,33600,334.2119658,29.4
E05000288,Greenhill,6.10,70.46805916,52.7,20.7,71.10299812,57.22543353,37550,318.2225352,46
E05000289,Harrow on the Hill,5.45,65.63862928,44.2,15.1,68.23231104,34.35582822,39630,343.2457447,41.8
E05000290,Harrow Weald,4.57,63.12901843,36.7,10.5,69.11723754,18.51851852,36940,323.85,32.3
E05000291,Hatch End,3.37,61.13093604,33,9.1,73.18631179,12.30769231,42350,351.3263158,41.8
E05000292,Headstone North,4.17,64.74896406,37,9.1,73.78861296,19.23076923,44470,359.5341176,43.6
E05000293,Headstone South,5.59,66.66666667,44.2,15.9,71.73566879,34.50704225,39090,351.0018519,43
E05000294,Kenton East,3.81,67.92665971,57.1,24.7,68.47939489,47.48201439,32880,337.0461538,27.6
E05000295,Kenton West,3.64,67.05708832,51.3,20.4,71.6453358,36.87943262,38400,342.0862069,34.1
E05000296,Marlborough,7.01,66.89957002,51.6,20.2,68.39292077,52.02702703,34450,322.78,35.5
E05000297,Pinner,3.23,60.93583147,31.7,7.5,71.75449871,15.90909091,43950,332.2802632,44.3
E05000298,Pinner South,3.17,60.43077502,29.4,6.8,75.22178988,12.87878788,49420,368.6133333,47.5
E05000299,Queensbury,4.20,66.49655731,57.5,26.2,68.13950602,51.82926829,35030,331.5670659,30.5
E05000300,Rayners Lane,5.05,64.35868331,48,17.6,71.53064029,36.17021277,40310,349.8122137,37.9
E05000301,Roxbourne,6.29,65.18394394,48.4,20.9,64.82930299,29.34782609,32130,321.0435754,29.2
E05000302,Roxeth,6.53,66.19166667,48.4,19.8,68.55957474,42.28187919,35110,335.3452381,28.9
E05000303,Stanmore Park,3.67,59.57817675,34.5,8.8,68.58452892,18.65671642,39210,313.1227273,35.3
E05000304,Wealdstone,7.26,65.25749424,46.9,18.3,65.12841091,47.61904762,32080,314.7354037,27.2
E05000305,West Harrow,5.47,66.17110799,42.9,14.4,71.50700766,29.49640288,40210,357.0117117,40.7
E05000306,Brooklands,1.94,64.62051612,17.4,4.4,72.72170004,24.63768116,35250,307.2579268,21.3
E05000307,Cranham,1.20,58.85659989,6,1.1,75.55914848,2.614379085,42250,336.5381295,23.3
E05000308,Elm Park,1.48,61.47012579,10.9,2.1,73.39473011,7.407407407,34730,321.851875,16.5
E05000309,Emerson Park,1.57,61.28898817,11.4,1.7,74.253981,4.294478528,43790,351.7510949,24.3
E05000310,Gooshays,1.45,64.23044411,10.7,2.6,63.02261092,8.585858586,29400,284.4079208,13.2
E05000311,Hacton,1.25,63.10772164,7.3,1.7,75.74865626,4.320987654,39740,340.8365672,17.9
E05000312,Harold Wood,1.35,63.4089587,9.4,2.5,72.16019417,4.678362573,37010,292.2961538,20.6
E05000313,Havering Park,1.41,62.13982408,9.1,1.5,69.14502695,4.545454545,33590,290.7802548,15.3
E05000314,Heaton,1.59,61.11825679,13,2.5,64.25880213,8.860759494,29560,298.4716981,13.7
E05000315,Hylands,1.33,65.29013613,7.9,1.7,75.63878194,2.906976744,39890,340.5527473,19.2
E05000316,Mawneys,1.40,61.01539869,9.3,2.5,73.23332507,6.289308176,35820,313.1313725,16.3
E05000317,Pettits,1.30,60.17345921,7.4,1.7,74.9068323,4.294478528,40010,321.508982,19.9
E05000318,Rainham and Wennington,1.53,63.03504904,10.9,2.4,72.42206235,9.202453988,34470,304.1729032,14.9
E05000319,Romford Town,1.72,67.12519403,16.6,5.6,74.44597701,15.31531532,37160,314.1561728,26.3
E05000320,St Andrew's,1.27,62.31427944,7.7,1.6,76.1392178,5.521472393,38130,328.0074324,18.9
E05000321,South Hornchurch,1.57,62.49017355,11.8,2.5,70.53317536,8.045977011,33160,304.6226601,14
E05000322,Squirrel's Heath,1.40,64.42787924,9.4,1.3,77.2732498,6.962025316,41740,334.7460317,24.3
E05000323,Upminster,1.19,60.8350054,6.1,0.9,76.3928113,3.636363636,47580,352.05875,27.9
E05000324,Barnhill,6.20,65.48653654,45.4,19,64.95332359,53.97727273,31800,317.0774869,22.4
E05000325,Botwell,6.09,64.13650336,42.7,17.9,63.97822361,44.02173913,30700,312.1303922,21.4
E05000326,Brunel,3.15,73.33378488,29.3,9.8,57.54772683,31.01851852,34630,294.1978723,23.6
E05000327,Cavendish,1.90,63.79310345,16.7,3.7,77.5606469,8.053691275,43970,347.0140845,29.9
E05000328,Charville,3.59,64.91028844,30.1,9.7,70.97011269,25.32467532,35410,334.0248521,21.1
E05000329,Eastcote and East Ruislip,1.88,61.66164579,17.5,3.7,76.79280233,8.843537415,47380,350.9289256,38.1
E05000330,Harefield,1.50,63.16670961,13.3,3.1,75.72094996,7.52688172,37990,306.9423529,25
E05000331,Heathrow Villages,5.18,67.11490519,43.2,17.1,71.72891708,69.1011236,33170,319.9267241,24.2
E05000332,Hillingdon East,2.73,65.70154274,23.3,6.4,72.3870814,15.92356688,37250,326.5443182,24.2
E05000333,Ickenham,1.87,61.51202749,15.9,2.8,76.56372472,6.4,48770,366.8240602,36
E05000334,Manor,1.78,63.89566681,16.2,3.6,80.53206003,9.333333333,43460,350.6961905,29.6
E05000335,Northwood,2.88,62.64727541,31.8,7,73.31422537,13.63636364,46550,338.587037,46.4
E05000336,Northwood Hills,2.77,63.24481328,27.9,7.1,74.26749864,14.58333333,43320,332.4449612,37.1
E05000337,Pinkwell,5.82,64.86572281,45.3,18.5,66.83678783,59.52380952,31830,326.050463,22.8
E05000338,South Ruislip,2.46,66.29057187,23.2,7.7,77.54660253,15.68627451,40060,327.4815068,27.3
E05000339,Townfield,6.23,66.36674948,44.7,18.1,63.22191665,57.86163522,30430,308.6235294,22.2
E05000340,Uxbridge North,2.46,65.45731707,23.4,5.9,74.04666332,17.41573034,41470,344.9808,34.9
E05000341,Uxbridge South,3.41,77.09791375,30.9,10,56.83966636,36.52968037,34270,309.152381,29.9
E05000342,West Drayton,2.85,65.07217848,27.6,9.2,69.04257573,33.70165746,32680,293.3183099,24
E05000343,West Ruislip,1.82,64.27956619,18.4,3.9,78.16870944,10.13513514,43470,340.4972727,33.9
E05000344,Yeading,6.56,65.10500808,42.7,17.4,66.13224237,48.19277108,33240,314.4702703,26
E05000345,Yiewsley,2.90,67.31090605,27.7,10,68.24179542,28.40236686,32340,289.702381,23.1
E05000346,Bedfont,3.12,65.64431397,31,12.5,72.23142451,32.02614379,31870,313.5028369,20.2
E05000347,Brentford,3.97,71.50809717,38.3,15,67.98918815,39.1509434,35040,330.8105263,35.3
E05000348,Chiswick Homefields,2.55,68.41924399,34,9.8,76.14334043,28.32369942,51830,345.4958904,55.7
E05000349,Chiswick Riverside,2.40,66.53298063,30.3,8.9,77.36743606,25.46583851,49680,355.5340426,56
E05000350,Cranford,5.76,67.30769231,56.2,26.5,65.64903562,90.47619048,30860,314.5727848,26.2
E05000351,Feltham North,3.53,66.13270382,35.7,14.1,71.57730349,50.73529412,32850,318.9243902,21.1
E05000352,Feltham West,3.22,67.62344313,32.3,14.2,71.82610325,41.11675127,34010,309.4455497,25
E05000353,Hanworth,2.90,64.48492665,28.9,11.3,66.8911193,26.76056338,31150,292.7653179,19.2
E05000354,Hanworth Park,2.71,66.44081633,28.5,10.9,72.8901584,29.37062937,34340,316.6481481,22.2
E05000355,Heston Central,4.92,67.53030663,54.7,23.9,66.58716909,87.66233766,33580,333.7193548,32
E05000356,Heston East,4.84,68.0091425,56.5,26.1,67.50881316,69.48051948,34030,337.1690647,33.4
E05000357,Heston West,5.56,66.1771635,51.1,23.9,62.21820374,60,29490,323.2104651,24.4
E05000358,Hounslow Central,4.88,70.10124707,64.5,29.5,71.36317861,130.7291667,35830,344.9805556,42.8
E05000359,Hounslow Heath,5.79,67.4913052,58,27.7,67.5970516,90.11627907,32530,340.1679487,34.6
E05000360,Hounslow South,4.34,66.99777359,38.7,13.2,74.08787256,36.42384106,39920,342.8715278,32.9
E05000361,Hounslow West,4.60,70.10399244,62.6,29.4,69.62684088,118.8679245,31890,331.0604478,33.5
E05000362,Isleworth,3.45,66.86965109,33.8,11.7,70.63886532,21.65605096,34790,315.8119266,33.8
E05000363,Osterley and Spring Grove,5.28,67.76562266,46,15.7,75.25013744,50,42140,367.0296296,45.9
E05000364,Syon,3.77,69.41234498,36.7,13.5,73.01767807,33.72093023,37040,318.4885496,38.9
E05000365,Turnham Green,3.02,70.99915326,39.9,12.8,76.9622093,49.11242604,47080,343.6392857,55.4
E05000366,Barnsbury,3.38,75.27064646,35.5,10.9,68.10260851,56.21621622,44970,320.4018018,51.5
E05000367,Bunhill,4.21,79.96042454,41.9,16.6,59.83150947,67.84140969,39200,324.1555556,45.2
E05000368,Caledonian,4.09,76.69011725,37.3,14.4,61.69485085,49.58677686,35840,311.9913462,39.1
E05000369,Canonbury,3.16,71.89751801,29.7,9.1,69.24211482,36.30952381,40590,310.4195804,47.3
E05000370,Clerkenwell,3.49,79.99027868,38.5,12.6,62.55877529,88.17204301,43350,300.6125,47.9
E05000371,Finsbury Park,5.62,73.77574371,41.6,17.5,65.3710584,63.33333333,33620,309.8406504,41.8
E05000372,Highbury East,2.87,71.7706105,30.9,9.3,74.46933271,33.52941176,47810,343.0347826,58.8
E05000373,Highbury West,3.76,77.25303557,34.5,12.8,74.49527217,41.05691057,43800,322.6128049,56.3
E05000374,Hillrise,3.96,72.13008656,32.9,10.4,65.70550697,37.01657459,39090,315.805042,43.7
E05000375,Holloway,4.44,77.16653168,39.6,14.9,63.92754004,50,35430,312.159322,43.3
E05000376,Junction,3.73,74.87056642,34.7,11.5,68.4399955,49.23076923,39470,334.5345238,46.9
E05000377,Mildmay,3.93,73.96743153,33.8,10.6,68.6204731,36.36363636,39300,329.6050314,48.8
E05000378,St George's,3.38,74.39033713,32.8,10.6,67.81088083,50,40860,328.5323944,48.3
E05000379,St Mary's,3.05,76.6352151,33.1,10,73.01837862,41.61849711,46190,331.0707692,54.4
E05000380,St Peter's,3.00,76.23162043,32,9.5,70.44102794,45.61403509,43870,302.4153846,53
E05000381,Tollington,4.26,74.40557431,34.5,12.6,68.48760749,39.35185185,38090,325.5853211,45.2
E05000382,Abingdon,4.38,70.53271028,59.6,26.1,66.17727772,71.09375,54690,356.9666667,59.2
E05000383,Brompton,3.57,71.16399147,61.7,26.8,69.2248062,57.35294118,64320,355.6,57.4
E05000384,Campden,3.28,69.49544073,52.8,18.3,71.56712608,40,65500,291.1,62.4
E05000385,Colville,4.41,73.38266889,44.4,15.5,69.85893417,45.08196721,43560,311.0990099,48.6
E05000386,Courtfield,3.59,76.45892975,61.4,28.3,64.75796087,78.94736842,61810,344.0823529,58.7
E05000387,Cremorne,4.08,67.27713766,44.4,17.2,63.03360581,28.03030303,43920,311.6586538,41.2
E05000388,Earl's Court,4.82,78.07337481,61,29.6,68.47032907,84.7133758,44100,359.2344828,53.3
E05000389,Golborne,7.03,71.47777082,46.1,16.9,59.2732421,40.29850746,30100,314.427027,32.1
E05000390,Hans Town,3.47,69.43972835,55.6,24.8,69.14660832,59.3495935,58100,337.7888889,55.1
E05000391,Holland,4.32,67.73439089,56.7,20.9,66.35798003,66.40625,54770,365.3559322,58.8
E05000392,Norland,3.32,64.4969058,40.7,14.4,67.43275451,38.13559322,53430,323.0333333,51.2
E05000393,Notting Barns,5.27,67.2339553,41.6,14.6,61.84492798,33.6,36690,330.35,37.2
E05000394,Pembridge,3.35,73.75307682,51.2,20.2,74.80809491,90.07633588,55710,385.5714286,60.8
E05000395,Queen's Gate,3.94,74.81421972,63.2,24.9,66.2534986,88.43537415,63630,376.825,61.7
E05000396,Redcliffe,3.18,72.55092144,53.4,21.6,74.30847212,58.51851852,54550,342.25,60.5
E05000397,Royal Hospital,2.63,64.70989761,44.8,16.7,72.78897573,38.61386139,60600,366.16,56.1
E05000398,St Charles,4.47,69.75894814,37.8,13.5,63.35022263,39.16666667,36100,330.4808989,35.5
E05000399,Stanley,3.05,68.46967303,48.7,19.3,73.02325581,46.49122807,54990,344.5,56.1
E05000400,Alexandra,2.49,63.71490281,27.2,8.2,75.0883095,17.55725191,41390,353.3104478,32.7
E05000401,Berrylands,1.99,66.3565733,24.1,6.9,74.8289801,15.90909091,42330,342.6675325,48.4
E05000402,Beverley,2.76,66.03484587,32.4,13.3,71.58600149,30,40700,372.3044248,41.7
E05000403,Canbury,2.26,68.11964527,27.5,9.5,74.9426079,21.21212121,45600,367.5393617,54.4
E05000404,Chessington North and Hook,1.63,64.55485162,17.2,5,76.37004405,10.43478261,37230,307.125,22.8
E05000405,Chessington South,1.53,64.61553048,14.3,3.9,78.54809976,6.766917293,38310,321.3278195,25.3
E05000406,Coombe Hill,3.72,66.75972455,40.6,13.9,64.47787099,34.72222222,45650,339.7795082,44.5
E05000407,Coombe Vale,2.94,65.1763537,33.5,11.1,72.35275689,20.14925373,44320,367.022093,47.4
E05000408,Grove,2.46,74.42689761,31.4,11.2,66.75672501,35.22012579,41410,324.7617284,47
E05000409,Norbiton,3.00,70.64202885,34.1,13.6,68.19802523,30.55555556,34650,308.3627907,35.8
E05000410,Old Malden,2.45,62.95531937,27.3,8.4,74.02960526,15.57377049,41760,347.0412698,34.4
E05000411,St James,3.29,63.72984089,37.3,12.7,71.91429077,22.93577982,41850,354.9736264,38
E05000412,St Mark's,2.30,79.42201835,29.1,8.9,69.38437906,25.30864198,44930,336.4026667,48.3
E05000413,Surbiton Hill,2.04,69.15127126,25,7,78.1935307,18.98734177,43160,361.6478723,52.2
E05000414,Tolworth and Hook Rise,2.36,66.11764706,26.1,8,76.19410957,22.72727273,37840,337.5252101,30
E05000415,Tudor,2.04,63.05564032,23.9,6.1,76.9382716,11.20689655,48530,378.9398058,51.3
E05000416,Bishop's,4.70,80.92267135,43,13.7,66.2225097,54.48275862,40360,324.8346939,47.2
E05000417,Brixton Hill,4.53,77.30653869,37.4,11.1,75.27162813,55.28846154,39050,312.4784314,49.6
E05000418,Clapham Common,2.88,77.10949548,33.5,7.6,80.31898887,40.65420561,49520,296.1657895,63.3
E05000419,Clapham Town,3.40,78.92536911,35.2,7.8,80.04453103,45.81497797,44960,311.4953125,59.7
E05000420,Coldharbour,6.50,73.66706669,43.7,13.3,64.88669139,55.60747664,32220,305.5961538,36.8
E05000421,Ferndale,4.78,81.63762642,41.7,11.8,76.98477656,64.1025641,39480,313.0010582,52.9
E05000422,Gipsy Hill,4.52,68.88106866,30.6,7.7,69.6890103,20.64220183,36650,314.2944882,39.3
E05000423,Herne Hill,4.18,73.39267418,35.3,10.8,75.27140061,53.96825397,41700,324.4942623,52
E05000424,Knight's Hill,5.30,68.187196,35.3,11.6,68.7943972,35.82887701,36950,322.1412162,38.2
E05000425,Larkhall,5.20,77.57633057,42.2,13,73.51680577,58.68725869,37260,308.9,48.5
E05000426,Oval,4.44,79.25676083,42.6,15,74.34453782,60.0877193,39200,321.5030928,51.6
E05000427,Prince's,4.71,74.34266052,38.5,12.4,71.10942105,61.76470588,37600,333.5207921,46.5
E05000428,St Leonard's,4.72,74.00539225,40.4,15.8,75.60864411,58.79396985,39880,341.06875,46.3
E05000429,Stockwell,5.39,74.45776817,44.9,17.8,71.21637533,70.75471698,35050,313.6672131,41
E05000430,Streatham Hill,4.34,73.85103011,37.8,12.4,74.58632233,48.59813084,39250,316.4956897,46.4
E05000431,Streatham South,6.78,68.81181412,44.5,15.8,70.35790762,59.31372549,36710,327.6622378,34.8
E05000432,Streatham Wells,5.32,71.85738629,41.2,14.2,74.1962383,42.15246637,38270,310.9723214,42.6
E05000433,Thornton,4.27,72.51106985,37,10.1,74.31797853,50.26455026,41880,319.1690217,47.8
E05000434,Thurlow Park,3.65,67.70682148,30.3,8.7,73.96486826,35.07853403,41600,304.7932584,50.3
E05000435,Tulse Hill,5.75,73.06107387,38.6,11.3,70.53774742,48.55769231,35610,291.9833333,42.7
E05000436,Vassall,5.82,76.3159582,40,12.1,67.62732684,49.29577465,34830,317.2514925,41.3
E05000437,Bellingham,4.65,65.4908377,29.6,6.2,64.88014236,25.38860104,31340,294.5421875,23.5
E05000438,Blackheath,2.96,71.39525586,29.3,7.4,74.14123099,27.36318408,44870,295.5715054,53.2
E05000439,Brockley,4.63,78.01693909,36.8,10.5,71.26582278,55,38100,311.9791304,47.3
E05000440,Catford South,5.57,67.96066914,32.2,7.1,70.16239483,28.36538462,39070,311.4160428,34.2
E05000441,Crofton Park,3.91,69.69538843,30.1,7,73.87674702,27.35849057,42560,314.3884956,45.1
E05000442,Downham,3.48,64.20321784,24.8,6.2,63.57550483,21.76165803,30880,290.4672316,20.2
E05000443,Evelyn,6.61,71.30528587,44.8,16,63.65492598,67.64705882,30560,305.2361111,33.5
E05000444,Forest Hill,3.73,68.7761233,31.1,8.2,73.61627225,22.62443439,40960,333.01,46.4
E05000445,Grove Park,3.31,67.01085518,26.9,7,69.33880062,22.88557214,36150,308.2021277,29.2
E05000446,Ladywell,4.89,73.21287779,35.4,9.4,70.4674489,30.10204082,40290,319.4958678,44.5
E05000447,Lee Green,3.16,68.56193955,28.9,8.1,75.10569266,29.60893855,42760,334.2216495,46.1
E05000448,Lewisham Central,5.82,72.58797944,41.2,12.4,69.5737192,54.33070866,35760,303.4345865,42
E05000449,New Cross,6.46,74.42676782,46.6,15.3,64.61591339,69.16666667,31520,299.0064,34.7
E05000450,Perry Vale,4.05,69.54704268,30.5,7.2,72.93253786,27.98165138,39130,313.5038462,41.5
E05000451,Rushey Green,6.38,69.11296619,38,10.2,66.24562767,41.5,34670,300.7135714,32.9
E05000452,Sydenham,3.95,67.818013,30.2,7.1,69.09656733,25.46296296,37060,308.166,36.6
E05000453,Telegraph Hill,5.27,74.08288832,36.9,10.9,70.56872824,44.9339207,37230,312.8092025,43.7
E05000454,Whitefoot,4.48,65.15533723,29.5,6.8,64.76169215,27.11864407,32840,302.2232227,22.7
E05000455,Abbey,3.13,72.70063333,38.3,12.5,80.31697342,36.59793814,45370,332.4018692,55.4
E05000456,Cannon Hill,2.60,64.40481216,29.6,7.7,75.90302636,25.64102564,42320,364.1669903,35.2
E05000457,Colliers Wood,4.89,74.66027178,47.2,16.3,76.70591062,57.86163522,38780,335.3820896,43.1
E05000458,Cricket Green,5.07,64.67897679,39.5,14.5,65.70974997,48.38709677,29930,296.0496732,23.3
E05000459,Dundonald,2.45,70.65284974,35.6,7.3,83.16991073,30.4964539,49910,391.603125,60.7
E05000460,Figge's Marsh,6.69,65.75319003,44.9,16.3,66.28932473,64.0625,30860,315.5824,25.3
E05000461,Graveney,7.57,68.46176733,54.1,23.1,71.62784009,83.07692308,35580,332.877907,32.1
E05000462,Hillside,2.80,70.84233261,41.6,11.3,79.83399939,31.94444444,51480,372.340625,64.6
E05000463,Lavender Fields,5.70,70.44237813,46.1,19.6,72.55482309,50,33360,301.145082,32.6
E05000464,Longthornton,7.19,67.11690288,42,14.5,69.92914083,40.87591241,34350,319.2923077,27.5
E05000465,Lower Morden,2.09,64.72918005,22.1,5.9,78.14858293,16.98113208,38730,334.6595238,24.5
E05000466,Merton Park,3.03,64.23514928,35.5,10.1,75.21996481,39.0625,46300,380.67,50.1
E05000467,Pollards Hill,5.37,65.53321597,35.9,9.4,67.78653189,28.68217054,31940,312.9716049,23.4
E05000468,Ravensbury,3.75,65.3067186,36,13.1,68.96604701,52.13675214,32330,312.6198347,25.1
E05000469,Raynes Park,2.44,65.27041887,33.4,8.7,77.63661411,26.15384615,49340,341.0297297,54.3
E05000470,St Helier,3.18,64.56788965,33,11.7,69.36578171,46.84684685,32530,329.55,23.4
E05000471,Trinity,2.79,70.7373042,36.1,9.8,80.72207084,34.07407407,47380,342.7133333,59.6
E05000472,Village,2.23,60.81697855,34,8.3,71.27842538,19.46902655,62200,388.675,62.3
E05000473,West Barnes,2.93,64.60949765,33.7,9.3,76.46337726,22.13740458,44170,363.3811321,41.9
E05000474,Wimbledon Park,2.54,67.35990254,32.9,8.4,78.39615482,30,50730,340.4986667,59.6
E05000475,Beckton,7.21,73.1165409,49.7,23.5,60.29597546,55.51470588,34100,305.8,27.9
E05000476,Boleyn,8.89,67.0657951,54.8,26.4,58.24460698,123.5955056,31630,325.2095745,28.8
E05000477,Canning Town North,6.73,71.00527831,47.9,18.6,59.46024942,103.3149171,28910,306.0559322,23.9
E05000478,Canning Town South,6.37,74.09807098,47.5,19.9,64.41872607,78.26086957,32870,299.0376963,33.3
E05000479,Custom House,6.13,69.84735391,46.9,19.6,62.79845128,80.11363636,31840,299.1942408,24.2
E05000480,East Ham Central,7.50,70.04756316,61.4,29.1,57.97450299,149.1803279,32380,310.5708861,32.6
E05000481,East Ham North,4.88,70.76080853,60.2,31.5,56.31806041,133.9285714,32340,323.1586826,31.1
E05000482,East Ham South,8.74,66.43683822,46.6,19.7,59.02419675,86.5497076,31430,311.5045643,24.1
E05000483,Forest Gate North,8.74,71.38279219,50.5,21,64.6529563,104.2857143,34270,330.6289773,33
E05000484,Forest Gate South,9.18,73.35609649,54.8,25.5,62.10141546,106.2992126,34550,315.8967532,32.7
E05000485,Green Street East,5.35,71.54361591,62.2,33.2,55.39442649,129.9019608,31570,316.288587,30
E05000486,Green Street West,5.51,70.73595868,61.1,32.7,54.27409666,125.2525253,31080,320.9536913,29.8
E05000487,Little Ilford,8.73,65.45433283,54.5,27.3,53.02112029,98.48484848,29730,314.6870192,24.6
E05000488,Manor Park,7.81,68.84331945,56.2,27.6,55.82620145,115.5913978,31580,328.8079787,30.2
E05000489,Plaistow North,9.27,69.02649258,52.1,23.6,58.36285661,82.03883495,30740,318.8994595,26.8
E05000490,Plaistow South,8.89,65.55912826,51.7,21.9,61.76155631,110.106383,31750,313.9185393,26.2
E05000491,Royal Docks,6.44,75.53249261,48.3,18.1,71.89297324,48.29545455,38580,305.5415179,42.7
E05000492,Stratford and New Town,8.51,81.44974179,54.9,23.5,68.87336991,88.05460751,35840,308.8741667,40.6
E05000493,Wall End,7.74,67.89105777,59.8,29.7,57.06114398,125,32330,302.5127551,29.6
E05000494,West Ham,8.90,72.04761019,51.2,22.1,63.06403675,106.7708333,32310,307.5491018,29.8
E05000495,Aldborough,5.99,65.74162073,38.4,12.8,67.3873682,38.82352941,37310,339.978534,32
E05000496,Barkingside,6.12,65.3316074,40.5,12.8,67.32201734,40.13157895,39620,357.1525926,35.2
E05000497,Bridge,2.56,65.19467386,21.6,6.7,73.2062347,14.55696203,39320,322.7427536,29.9
E05000498,Chadwell,5.59,64.50895864,31.6,9.9,68.41764642,27.71084337,36700,328.6417085,28.5
E05000499,Church End,2.45,68.15393664,22.1,5.8,79.29663229,19.60784314,45410,343.699359,46.3
E05000500,Clayhall,6.14,65.05633699,38.8,10.9,67.79199242,22.98136646,41450,372.2296651,34
E05000501,Clementswood,6.52,64.69059991,55.6,25.1,56.45878581,115.3005464,30230,330.4644578,32.4
E05000502,Cranbrook,6.55,65.62570547,44.5,15.1,62.82593376,54.97076023,38290,355.0882759,37.2
E05000503,Fairlop,2.93,65.24767802,25.1,8.2,70.77291791,27.65957447,37560,324.2585714,25.5
E05000504,Fullwell,4.26,63.29835766,29.6,8,66.67077682,26.49006623,35690,332.9598802,26.5
E05000505,Goodmayes,7.17,66.21702191,46.3,18.5,60.95141472,69.42675159,33820,318.7120253,31.4
E05000506,Hainault,2.60,63.26816673,22.2,7.4,65.14369934,22.44897959,31520,304.6393939,20.4
E05000507,Loxford,7.73,63.93562959,53.2,23.7,53.52515244,96.09756098,28500,339.7470588,31.1
E05000508,Mayfield,6.75,63.76074499,41.1,13.5,63.4527613,52.2875817,35630,338.6118557,29.9
E05000509,Monkhams,2.01,61.69552126,18.8,3.8,76.20073892,8.461538462,48780,369.7776316,41.6
E05000510,Newbury,7.47,65.38329323,47.5,17.6,63.15261959,52.47524752,35550,347.6247899,33.4
E05000511,Roding,3.49,65.75364281,28.2,8.7,73.82458752,21.56862745,41040,330.1154545,37
E05000512,Seven Kings,7.34,66.12589228,47.6,19.3,60.05346005,74.05405405,34480,332.2447674,31.7
E05000513,Snaresbrook,2.87,65.35596026,27.2,6.5,78.13403747,20.77922078,45160,370.85,50.1
E05000514,Valentines,6.50,64.94776765,50.3,21,60.62328911,78.16091954,34900,341.0123188,36.9
E05000515,Wanstead,2.72,63.49504612,22.8,5.7,74.53806841,18.75,46370,343.9020408,45.3
E05000516,Barnes,2.16,64.07379232,32.2,8.3,72.34265212,24.63768116,55450,327.782716,57.5
E05000517,East Sheen,1.72,60.74179743,23.6,5.5,78.16373374,14.28571429,56090,396.2131579,61.6
E05000518,Fulwell and Hampton Hill,1.57,64.07719911,16.7,4,79.60124981,10.56338028,48810,373.6583333,52.8
E05000519,"Ham, Petersham and Richmond Riverside",2.21,63.22110838,30.5,7.6,73.3796646,20,44870,337.5187879,46
E05000520,Hampton,1.56,61.7046232,16.7,4,77.16887928,7.575757576,46750,342.7931034,47.2
E05000521,Hampton North,1.83,63.35933437,20.1,5.4,73.45132743,10.2189781,39440,310.351087,36.3
E05000522,Hampton Wick,1.64,65.7672209,20.3,4.5,73.13829787,12.67605634,46760,374.4480519,53.6
E05000523,Heathfield,2.62,64.11925653,26.6,8.7,70.80911936,20.96774194,36950,324.3889831,29.8
E05000524,Kew,2.14,63.83434794,30.2,7.6,77.05679406,21.05263158,52130,362.7915493,62
E05000525,Mortlake and Barnes Common,1.85,63.87712819,25.6,5.2,77.87325456,16.78321678,50100,341.7918919,57.6
E05000526,North Richmond,2.11,65.61254078,28.3,6.8,78.36796477,20.42253521,50860,359.5589474,59
E05000527,St Margarets and North Twickenham,1.84,67.73974924,23.3,4.8,80.79228564,12.19512195,52870,369.2925,62.6
E05000528,South Richmond,2.14,68.67045762,33,8.5,76.02767061,29.375,52690,361.4245614,63.6
E05000529,South Twickenham,1.62,68.5827552,18.8,4,76.76511955,13.88888889,51380,375.6315789,55.3
E05000530,Teddington,1.52,65.54892488,17.8,4.1,79.85074627,14.66666667,50600,378.2073529,58.5
E05000531,Twickenham Riverside,1.88,68.11212492,26.8,7.2,80.70941337,17.10526316,51350,366.0779412,63.8
E05000532,West Twickenham,1.88,64.78479598,21.1,4.4,79.49743004,13.19444444,45040,333.8769912,45.1
E05000533,Whitton,2.15,62.92605143,23.3,6.7,76.47714604,18.11023622,42230,341.0166667,36.9
E05000534,Brunswick Park,5.29,73.09958751,40.6,10.7,66.81870011,56.74157303,36310,315.9298387,41.5
E05000535,Camberwell Green,5.68,71.73299906,46.8,13.4,64.64448793,75.12690355,31840,304.3804196,34.3
E05000536,Cathedrals,4.23,83.1180117,40,10.4,62.92511445,50.71428571,40430,312.8394366,45.8
E05000537,Chaucer,5.93,80.51554676,45.2,13.3,66.40290142,65.36964981,37780,318.2711111,48.8
E05000538,College,3.39,67.39057239,30.7,5.3,71.10806432,25.14619883,42600,324.0428571,48.7
E05000539,East Dulwich,2.72,70.88515587,25.9,5.6,79.21620432,21.08108108,48670,333.6666667,56.5
E05000540,East Walworth,5.65,74.43641618,43.8,13.7,62.54876463,65.0273224,31010,319.5195402,32.4
E05000541,Faraday,5.74,69.50463211,45.9,14.6,62.33664693,67.70833333,30760,319.8929134,28.6
E05000542,Grange,4.25,80.20786006,38.3,10.8,69.12729659,67.47572816,38500,322.1289617,46.3
E05000543,Livesey,5.53,68.512226,44.3,11.9,60.32146234,65.44502618,28880,314.2777108,27.9
E05000544,Newington,5.23,75.12405749,42.5,13.6,66.31398341,64.06926407,34190,319.9704,37.5
E05000545,Nunhead,5.51,70.29624277,39,9.1,64.98921639,51.13636364,33540,325.3381818,34.8
E05000546,Peckham,5.97,69.07458024,47.6,12.3,61.17302053,62.92134831,30030,320.9891192,30.6
E05000547,Peckham Rye,3.36,69.82091532,28.8,5.9,74.87628866,23,42820,330.4277228,49.7
E05000548,Riverside,3.63,80.05181347,40.5,12.7,74.890811,65.78947368,43110,298.4731034,54.9
E05000549,Rotherhithe,4.54,75.40798726,43.4,15.2,69.26344242,76.5258216,36970,312.3794326,43
E05000550,South Bermondsey,4.69,72.85971972,41.1,14.6,64.75961056,57.21649485,31150,310.225,30.9
E05000551,South Camberwell,4.39,73.51871496,35.8,7.7,70.72748892,30.43478261,41130,325.406,49
E05000552,Surrey Docks,3.68,81.13488975,42.7,15.4,77.67703328,54.76190476,45410,319.0392523,56
E05000553,The Lane,4.88,69.6639474,37.7,8.5,68.93028303,46.73366834,37940,308.6855072,42
E05000554,Village,2.13,65.69576698,22,3.5,77.22112537,13.92405063,58400,356.8764706,63.7
E05000555,Beddington North,1.93,64.80394014,16.6,3.8,77.19453022,9.090909091,39290,340.6891026,25.1
E05000556,Beddington South,2.23,62.66519824,20.1,4.2,69.07759883,8.695652174,35600,320.1719745,26.7
E05000557,Belmont,2.03,63.89157793,22.1,4.8,76.24376229,11.51079137,44260,369.4752381,40.4
E05000558,Carshalton Central,1.62,64.92982119,15,3.7,78.60637509,6.666666667,42200,360.2982301,35.7
E05000559,Carshalton South and Clockhouse,1.64,62.32139362,13.9,2.4,76.54181466,3.816793893,44270,359.5691057,34.8
E05000560,Cheam,1.88,61.12956811,18.6,3.3,76.35048232,10.92436975,46220,363.9583333,38.6
E05000561,Nonsuch,1.60,63.61136572,15.7,3.6,79.08066169,8.888888889,42640,357.1032258,27.1
E05000562,St Helier,2.14,64.69582214,22.6,8.1,69.55963538,16.05839416,31040,311.3359756,17.7
E05000563,Stonecot,1.82,65.29534905,18.1,5.2,77.91834388,10.14492754,39210,351.0649682,22.5
E05000564,Sutton Central,2.36,67.35630194,26.9,9.7,75.58716075,25.3164557,35660,313.5395604,31.2
E05000565,Sutton North,2.03,61.73445315,21.1,6.1,75.5829904,14.39393939,38060,344.4742424,25.7
E05000566,Sutton South,2.43,66.04660466,29.4,9.7,78.14232902,24.06015038,40460,337.717037,41.6
E05000567,Sutton West,2.22,67.21026111,25.1,7.8,79.34691599,18,41610,352.0459627,38.6
E05000568,The Wrythe,1.69,65.75368521,15.3,3.7,77.48315265,6.206896552,36790,331.9978102,23.2
E05000569,Wallington North,1.80,65.22577093,16.6,4.4,76.83011529,6.993006993,38710,349.2135135,30.3
E05000570,Wallington South,1.89,63.72014294,18.5,4.3,74.22147957,11.53846154,37960,377.35,32
E05000571,Wandle Valley,2.12,66.29396882,19.8,5.7,71.99228792,12.83783784,32330,306.0933824,21.5
E05000572,Worcester Park,1.93,63.44221106,21.5,6.1,78.8534202,14.19354839,40610,336.2578512,30.8
E05000573,Bethnal Green North,4.04,75.67109544,38.7,15,64.59846849,74.72527473,36230,322.9417808,40.2
E05000574,Bethnal Green South,3.67,76.09054313,45.5,23.1,55.88096808,90.26548673,32860,308.9180328,35.5
E05000575,Blackwall and Cubitt Town,5.79,76.54490761,48.6,21.9,70.83471458,103.968254,43330,305.3420233,50.8
E05000576,Bow East,3.65,75.4398311,30.9,10.9,68.88328984,52.51396648,36800,294.792623,42
E05000577,Bow West,3.51,72.72062052,32,11.3,66.33474576,64.07185629,41000,323.1221154,43.6
E05000578,Bromley-by-Bow,3.84,70.40961168,43.5,22,55.09410802,68.27956989,31980,310.3418269,27.9
E05000579,East India and Lansbury,4.12,68.01815431,39.5,18.6,52.85743759,69.32515337,29680,290.3412621,23.4
E05000580,Limehouse,4.51,72.27490926,43.8,19.7,63.97271057,81.64251208,36260,309.4087719,37.4
E05000581,Mile End and Globe Town,4.26,75.95945862,40.6,16.4,55.3975265,70.56451613,34300,334.4534722,34.2
E05000582,Mile End East,3.87,72.37093061,43.5,20,56.07993197,88.95348837,32510,319.5439024,31.9
E05000583,Millwall,5.77,79.22930904,52.1,23.4,73.62478596,90.60773481,46940,312.9965649,57.2
E05000584,St Dunstan's and Stepney Green,3.37,70.24643775,39.8,19.8,55.39607558,94.0397351,32930,324.7758794,29.9
E05000585,St Katharine's and Wapping,3.95,78.68937049,41.5,15.9,76.49598394,61.23595506,50770,324.4409836,57.8
E05000586,Shadwell,3.78,70.8529763,45.1,23.2,60.6741573,71.55963303,36360,320.0011538,37.7
E05000587,Spitalfields and Banglatown,4.14,81.16481842,50.7,24.6,60.86694762,91.74311927,39910,338.3826923,44.4
E05000588,Weavers,4.19,77.16315824,41.2,16.7,66.99029126,74.57627119,37760,321.2176471,43.9
E05000589,Whitechapel,4.13,77.50853045,48.8,24.8,64.96980155,115.3465347,37600,324.4691489,45
E05000590,Cann Hall,7.85,70.45121696,48.8,18.2,63.79187455,100,32700,311.7180451,30.5
E05000591,Cathall,8.59,70.36535859,50.1,20,62.66447368,127.8787879,30950,311.6899083,28.6
E05000592,Chapel End,5.79,66.62789902,36.9,14.1,68.94208656,61.34969325,36440,321.6454545,29.3
E05000593,Chingford Green,1.69,60.93172995,13.1,3,73.41365462,9.090909091,39280,332.1648148,27.1
E05000594,Endlebury,2.10,64.95427649,17.5,3.8,70.39017341,7.913669065,38580,341.823871,24.7
E05000595,Forest,7.20,69.43689614,45.7,18.4,65.1511783,96.91358025,36080,307.2223077,33.3
E05000596,Grove Green,7.50,70.70284407,53,21.2,70.34118302,144.6236559,36350,305.7784946,34.8
E05000597,Hale End and Highams Park,2.91,65.93036623,21.8,5.9,71.1001203,20.4379562,39490,321.8601266,28.9
E05000598,Hatch Lane,2.07,64.32702419,16.5,4.4,69.88054608,10.6870229,36110,325.6851351,24.1
E05000599,High Street,6.47,70.43220681,44.4,18,69.41907908,90.60773481,34810,328.4623932,35.7
E05000600,Higham Hill,6.46,67.40646798,40.3,15.7,62.58928571,52.7607362,31270,307.0747253,24.7
E05000601,Hoe Street,6.19,69.19181551,42.8,17.2,66.11002971,80.66298343,34890,321.1685185,36.4
E05000602,Larkswood,2.85,65.12922796,21.8,6.3,69.57470011,18.62068966,35170,311.8991597,21.6
E05000603,Lea Bridge,8.49,66.61739345,50.4,21.2,62.83911078,100,31450,313.4197183,26.6
E05000604,Leyton,8.67,67.80817337,48.8,20.8,61.45908575,86.09625668,31040,294.5675978,28.5
E05000605,Leytonstone,5.96,74.43625809,42.6,15.4,70.26117119,102.259887,38700,316.6333333,40.8
E05000606,Markhouse,7.33,68.00314465,45.8,19,64.19543282,90.66666667,33780,300.9038217,30.9
E05000607,Valley,3.60,65.36317568,25.6,7.9,68.11807132,22.85714286,34250,318.5206061,20.2
E05000608,William Morris,6.60,68.19405048,43.6,16.9,68.14341421,80.47337278,35070,317.5142857,33.6
E05000609,Wood Street,5.91,66.32508834,38.7,14.4,66.20124113,62.2754491,35130,330.660274,33
E05000610,Balham,2.27,73.96477235,28.5,6.5,82.99229338,31.98198198,53420,348.1929412,67.6
E05000611,Bedford,2.84,77.10116086,30.3,8.3,79.97356828,25.6097561,46410,347.6283582,61.1
E05000612,Earlsfield,2.91,76.18633,33.4,8.2,78.98173403,28.92561983,44360,325.9819355,53.8
E05000613,East Putney,2.72,74.80414455,39.4,9.3,81.70946184,47.21030043,49010,316.066055,62.9
E05000614,Fairfield,2.58,77.93112428,32.5,7.1,83.89506749,27.17391304,48590,339.7882353,62.8
E05000615,Furzedown,4.79,68.99073315,36.7,12.9,70.55592386,43.39622642,38240,339.7146893,41
E05000616,Graveney,5.44,71.68079546,42.4,14.4,72.60740874,52.86343612,37960,329.4254902,44.9
E05000617,Latchmere,4.97,71.7403646,39.7,11.5,70.64368435,56.93779904,34990,319.2316151,40.7
E05000618,Nightingale,2.33,72.64631043,27.7,6.7,81.27636164,22.52252252,50790,317.8264368,63
E05000619,Northcote,2.16,71.89674231,28.9,5.7,83.90178571,30.27522936,55810,341.8808824,68.7
E05000620,Queenstown,4.19,77.79873902,42.4,15.4,75.37266593,53.23741007,39580,314.689697,50
E05000621,Roehampton and Putney Heath,3.98,73.14988891,38.6,15.5,59.84636872,73.89162562,30320,297.222549,27.3
E05000622,St Mary's Park,3.37,74.69117903,38.9,11.3,77.41317365,50.23255814,44720,313.27,52.1
E05000623,Shaftesbury,2.30,76.85739861,29,5.7,82.99174874,32.30088496,50410,323.8282051,61.7
E05000624,Southfields,2.78,71.16692519,34.8,9,80.93968677,28.45849802,48160,338.0913043,57.6
E05000625,Thamesfield,2.03,72.81924898,31.4,5.8,83.40572644,32.47863248,55380,344.9431034,68.6
E05000626,Tooting,6.52,72.84974093,45.4,15.2,67.74546987,69.02654867,36000,322.4422764,42.5
E05000627,Wandsworth Common,2.10,72.39567422,25.7,4.5,70.95532277,18.63636364,51420,340.5347826,53.9
E05000628,West Hill,3.81,71.90724706,43.5,13.5,73.1178222,59.66386555,40360,308.8943262,45.1
E05000629,West Putney,2.74,69.21726694,34.4,9.5,72.56985439,37.74509804,43280,328.3256757,48.7
E05000630,Abbey Road,4.50,68.18537518,56.9,20.4,67.90812354,64.82758621,52200,329.0605263,56.6
E05000631,Bayswater,4.28,76.21899059,56.1,23.9,73.89960435,97.27891156,49960,344.1022222,61.3
E05000632,Bryanston and Dorset Square,4.89,78.59962109,61.3,28.8,66.64196485,101.6304348,51370,358.4705882,58
E05000633,Churchill,4.77,69.51242648,44.4,17.4,63.35297767,37.14285714,39530,343.5030928,38.4
E05000634,Church Street,8.48,63.79668913,52.7,27.2,48.68660598,68.18181818,26290,318.4377483,26.4
E05000635,Harrow Road,6.86,72.63439552,48.2,17.9,63.36463582,56.73758865,35000,332.9747253,39.5
E05000636,Hyde Park,5.74,77.15411494,64.2,34.1,62.37942122,83.33333333,46880,335.5081081,54.7
E05000637,Knightsbridge and Belgravia,4.07,75.9406729,59.6,23.9,56.49871171,37.5,88330,340.6666667,47.8
E05000638,Lancaster Gate,4.45,80.04783302,64.6,32.2,71.22029726,149.1071429,49290,348.9744186,60.8
E05000639,Little Venice,4.61,71.14603089,52.6,19.9,69.3814433,52.63157895,48770,303.9354839,56.5
E05000640,Maida Vale,4.85,72.90719697,49,15.2,70.42310275,39.35483871,45660,323.337069,52.2
E05000641,Marylebone High Street,3.93,79.33943637,58.5,21.8,71.41819942,84.57142857,58370,390.1789474,61.5
E05000642,Queen's Park,7.20,69.88745119,43.3,15.2,58.95029545,54.26356589,32260,314.9472222,30.3
E05000643,Regent's Park,5.71,68.34785389,59.9,23.7,62.43790137,53.37078652,46510,296.6185185,52.2
E05000644,St James's,3.72,79.81925213,49,20,67.69142199,69.46107784,52520,352.8394737,49.9
E05000645,Tachbrook,2.95,74.77912593,41.1,15.1,75.19083969,39.86486486,47340,368,55.1
E05000646,Vincent Square,3.69,73.13986679,44.6,17,69.01621325,51.875,46550,326.3586207,53.1
E05000647,Warwick,3.19,76.95913584,43.9,15.9,73.76779847,60,50250,310.1636364,58.5
E05000648,Westbourne,7.49,70.15964288,51.5,24.1,58.99863139,59.21052632,32390,338.5621849,35.7
E05000649,West End,4.35,79.77918262,56.8,24.2,71.34203169,76.58227848,54970,363.128,54.6
,,,76.88678629,36.7,11.9,79.63286713,138.8888889,63620,354.5,68.4
,,,64.11699227,30.9,10.2,62.55790755,39.65167399,34080,307,20.9
,,,65.57027983,38.9,14.4,69.99914792,37.51914242,54530,339.3,40.3
,,,63.02981592,14.1,2.9,72.86695331,10.38414551,44430,323,21.8
,,,68.26979541,55.1,22.4,66.74792151,70.30308648,39630,318.8,33.3
,,,62.63950337,14.5,3.1,74.42635781,9.232954545,55140,337.3,33.1
,,,73.39538536,42.5,14.4,65.33599344,53.1835206,67990,319.1,50.5
,,,65.35128068,29.6,7.9,70.31468196,25.11662779,45120,317.4,31.8
,,,67.74289799,48.2,20.8,69.10754462,52.87474333,45690,324.4,37
,,,64.98644625,35.1,14.1,65.74212305,25.46614328,41250,320.5,28.7
,,,67.78609056,31,9,66.78012332,36.6304599,44370,316,33.2
,,,72.43080133,39.1,14.4,65.81153305,42.79608593,42690,321.1,41.8
,,,73.86862477,42.8,14.5,71.42030048,61.57454919,62910,318.4,49.6
,,,71.56360786,44.6,18.5,67.5034767,63.91935305,45860,319.5,40.8
,,,64.92659911,44.8,15.9,70.01671635,33.86707333,49060,337,36.8
,,,62.77006633,10.3,2.3,72.80745449,7.956504442,44430,317.7,19.4
,,,65.80571584,30,9.8,69.85731174,29.16207277,44950,322.7,28
,,,67.87517923,43.3,17.1,70.81422835,52.1189337,44490,326.5,34.6
,,,75.52922646,35.4,12.2,67.47668487,51.27708978,54950,319.8,48.1
,,,70.67906555,51.6,20.9,67.73482006,57.77584709,116350,331.7,52.7
,,,67.38832536,28.3,9.2,72.9009796,21.84244197,56920,345.3,41.4
,,,74.51466304,38.9,12.1,72.90249786,49.18323864,48610,315.5,46.6
,,,70.11892444,33.7,9.2,69.38747962,36.79676147,43360,307.9,38
,,,67.20761304,37.8,11.9,74.32143946,38.23828182,57160,330.8,41.1
,,,71.15121952,53.7,24.3,60.27347504,94.19556619,34260,313.3,30.1
,,,64.91331364,36.9,12.4,66.51397987,42.44612187,45380,338.9,33.9
,,,64.85500006,24.3,6,76.83959088,16.92332371,76610,349.5,53
,,,73.80325421,39.4,11,68.32884858,53.24858757,48000,318.6,43.1
,,,64.47672056,19.9,5.5,75.97518511,12.31015188,49170,342,30.1
,,,74.72974248,43.1,19.4,63.58004703,75.49978732,45720,315,41
,,,67.8141785,38.6,14.5,66.97885281,65.25414178,39460,316.7,30
,,,73.51966784,35.4,9.9,76.57784685,41.14200769,66220,326.1,53.6
,,,73.89907242,53.3,22.4,66.07536753,69.11673873,80760,330.1,50.3
,,,68.61694774,36.7,12.9,69.18697107,45.76695098,51770,323.7,37.7
,,,63.24514725,13.84,4.4,71.15141208,15.47157993,30763.33333,310.4,27.2
